名前,検索文字列,画像URL
TDN,TDN 多田野数人,https://kbtit.pages.dev/characters/tdn.jpg
DB(淫夢),DB(淫夢) 大坊,https://kbtit.pages.dev/characters/db.jpg
HTN,,https://kbtit.pages.dev/characters/htn.jpg
TNOK,,https://kbtit.pages.dev/characters/tnok.jpg
NSOK,,https://kbtit.pages.dev/characters/nsok.jpg
DRVS,,https://kbtit.pages.dev/characters/drvs.jpg
白いの(淫夢),,https://kbtit.pages.dev/characters/srin.jpg
二章でDRVSのスカウトを断った奴,,https://kbtit.pages.dev/characters/ndsk.jpg
通過一般人兄貴,,https://kbtit.pages.dev/characters/tian.jpg
GO(淫夢),,https://kbtit.pages.dev/characters/go.jpg
マジメ君,,https://kbtit.pages.dev/characters/mjm.jpg
野獣先輩,,https://kbtit.pages.dev/characters/yaju.jpg
遠野(淫夢),遠野(淫夢) TON,https://kbtit.pages.dev/characters/ton.jpg
i-modeタクヤ君,,https://kbtit.pages.dev/characters/imtk.jpg
AOK,,https://kbtit.pages.dev/characters/aok.jpg
AKNM,,https://kbtit.pages.dev/characters/aknm.jpg
AKYS,,https://kbtit.pages.dev/characters/akys.jpg
アキラ(淫夢),,https://kbtit.pages.dev/characters/akra.jpg
ASH(淫夢),,https://kbtit.pages.dev/characters/ash.jpg
アポロチョコ(淫夢),,https://kbtit.pages.dev/characters/aplc.jpg
AMFTTSFNDKTETNKTIBWMTKKKSJNSHF,,https://kbtit.pages.dev/characters/ankc.jpg
アラブ系スイマー兄貴,,https://kbtit.pages.dev/characters/ajsa.jpg
ART(淫夢),,https://kbtit.pages.dev/characters/art.jpg
飯田ショーフキン,,https://kbtit.pages.dev/characters/idsf.jpg
イカせ隊,,https://kbtit.pages.dev/characters/ikst.jpg
IGRS,,https://kbtit.pages.dev/characters/igrs.jpg
軍畑先輩,,https://kbtit.pages.dev/characters/iksb.jpg
イグニス(淫夢),,https://kbtit.pages.dev/characters/igns.jpg
イケボスタッフ,,https://kbtit.pages.dev/characters/ikbs.jpg
勇武(COAT),,https://kbtit.pages.dev/characters/isam.jpg
ISI君,,https://kbtit.pages.dev/characters/isi.jpg
石川(淫夢),,https://kbtit.pages.dev/characters/iskw.jpg
石川太陽,,https://kbtit.pages.dev/characters/ikty.jpg
ISHR先生,,https://kbtit.pages.dev/characters/ihss.jpg
一般通過爺,,https://kbtit.pages.dev/characters/tkji.jpg
ITI,,https://kbtit.pages.dev/characters/iti.jpg
INUE,,https://kbtit.pages.dev/characters/inue.jpg
INUE君,,https://kbtit.pages.dev/characters/inuk.jpg
INUEの同級生,,https://kbtit.pages.dev/characters/iudk.jpg
いまきた加藤,,https://kbtit.pages.dev/characters/ikkt.jpg
今どきのドレッドくん,,https://kbtit.pages.dev/characters/iddr.jpg
色違いネクデカパンツ兄貴,,https://kbtit.pages.dev/characters/inpa.jpg
IWS,,https://kbtit.pages.dev/characters/iws.jpg
院長(Fatherless),,https://kbtit.pages.dev/characters/inch.jpg
UNNNNNBR,,https://kbtit.pages.dev/characters/nnbr.jpg
江島隼人,,https://kbtit.pages.dev/characters/ejmh.jpg
ECZN,,https://kbtit.pages.dev/characters/eczn.jpg
EMT(淫夢),,https://kbtit.pages.dev/characters/emt.jpg
OOESNR,,https://kbtit.pages.dev/characters/ooe.jpg
OOHT,,https://kbtit.pages.dev/characters/ooht.jpg
OKD(淫夢),OKD(淫夢) OKD,https://kbtit.pages.dev/characters/okd.jpg
OKDYSNR,,https://kbtit.pages.dev/characters/odsr.jpg
OGRSYN,,https://kbtit.pages.dev/characters/ogrs.jpg
OSD,,https://kbtit.pages.dev/characters/osd.jpg
OZW,,https://kbtit.pages.dev/characters/ozw.jpg
OCBGC,,https://kbtit.pages.dev/characters/obgc.jpg
OTTK,,https://kbtit.pages.dev/characters/ottk.jpg
オナニー男,,https://kbtit.pages.dev/characters/onot.jpg
オモチャ大好きサーファーBOY,,https://kbtit.pages.dev/characters/odsb.jpg
櫂(ALMAZ),,https://kbtit.pages.dev/characters/kaia.jpg
外伝君,,https://kbtit.pages.dev/characters/gdkn.jpg
顔が変な人,,https://kbtit.pages.dev/characters/kohn.jpg
顔が変な人のついでに発掘された人,,https://kbtit.pages.dev/characters/khth.jpg
カズヤ(淫夢),,https://kbtit.pages.dev/characters/kzy.jpg
カズレーザー(淫夢),,https://kbtit.pages.dev/characters/kzrz.jpg
KTYM,,https://kbtit.pages.dev/characters/ktym.jpg
ガテン系子持ち兄貴,,https://kbtit.pages.dev/characters/gkka.jpg
KBSトリオ,,https://kbtit.pages.dev/characters/kbs.jpg
加納コーチ,,https://kbtit.pages.dev/characters/knch.jpg
KMD,,https://kbtit.pages.dev/characters/kmd.jpg
身体大気弱兄,,https://kbtit.pages.dev/characters/koko.jpg
KWBT(淫夢),,https://kbtit.pages.dev/characters/kwbt.jpg
関西チャラ男,関西チャラ男 チャラオ・ツェペリ,https://kbtit.pages.dev/characters/ksch.jpg
浣腸芸人,,https://kbtit.pages.dev/characters/kcgn.jpg
関東チャラ男,,https://kbtit.pages.dev/characters/ktch.jpg
カンパニー松尾,,https://kbtit.pages.dev/characters/cpmo.jpg
北関東チャラ男,,https://kbtit.pages.dev/characters/kktc.jpg
吉川シケタ,,https://kbtit.pages.dev/characters/kkws.jpg
金泰均(COAT),,https://kbtit.pages.dev/characters/kitk.jpg
KMR,KMR 木村,https://kbtit.pages.dev/characters/kmr.jpg
木村和輝,,https://kbtit.pages.dev/characters/kmrk.jpg
KMRスタッフ,,https://kbtit.pages.dev/characters/kmrs.jpg
清田(淫夢),,https://kbtit.pages.dev/characters/kyt.jpg
KYN,,https://kbtit.pages.dev/characters/kyn.jpg
KYN弟(AKNM),KYN弟,https://kbtit.pages.dev/characters/kyno.jpg
クインテットアキラ,,https://kbtit.pages.dev/characters/qtak.jpg
草薙ケン,,https://kbtit.pages.dev/characters/ksng.jpg
楠(淫夢),,https://kbtit.pages.dev/characters/ksnk.jpg
KBT,,https://kbtit.pages.dev/characters/kbt.jpg
クラウド(COAT),,https://kbtit.pages.dev/characters/cldc.jpg
KEN(淫夢),,https://kbtit.pages.dev/characters/ken.jpg
源氏パイ(淫夢),,https://kbtit.pages.dev/characters/gnjp.jpg
KENTO(COAT),,https://kbtit.pages.dev/characters/kntc.jpg
高校生君,,https://kbtit.pages.dev/characters/kksk.jpg
KN(淫夢),,https://kbtit.pages.dev/characters/kn.jpg
ゴーグル男,,https://kbtit.pages.dev/characters/ggot.jpg
極道兄貴,,https://kbtit.pages.dev/characters/gdan.jpg
KGR,,https://kbtit.pages.dev/characters/kgr.jpg
焦げた食パンマン,,https://kbtit.pages.dev/characters/kgsp.jpg
KJM,,https://kbtit.pages.dev/characters/kjm.jpg
GOSEIRED,,https://kbtit.pages.dev/characters/gsrd.jpg
小森(ゴミ漁りの達人),,https://kbtit.pages.dev/characters/kmrg.jpg
小雪(淫夢),,https://kbtit.pages.dev/characters/kyk.jpg
GONTA,,https://kbtit.pages.dev/characters/gnta.jpg
権藤剛,,https://kbtit.pages.dev/characters/kdty.jpg
こんなウブそうな男の子,,https://kbtit.pages.dev/characters/knub.jpg
SKGC,,https://kbtit.pages.dev/characters/skgc.jpg
坂本副機長,,https://kbtit.pages.dev/characters/smfk.jpg
SGW,,https://kbtit.pages.dev/characters/sgw.jpg
櫻井翔(淫夢),,https://kbtit.pages.dev/characters/srsh.jpg
サザンクロス君,,https://kbtit.pages.dev/characters/stcr.jpg
爽やか若リーマン君,,https://kbtit.pages.dev/characters/swwr.jpg
ジェフリー・ダーマー(淫夢),,https://kbtit.pages.dev/characters/jedh.jpg
嫉妬男,,https://kbtit.pages.dev/characters/stok.jpg
島田兄弟,,https://kbtit.pages.dev/characters/sdkd.jpg
しみけん,,https://kbtit.pages.dev/characters/smkn.jpg
しゃがれ声,,https://kbtit.pages.dev/characters/sgge.jpg
灼熱君,,https://kbtit.pages.dev/characters/synk.jpg
一転攻勢(シャブラサレータ),一転攻勢(シャブラサレータ) シャブラサレータ,https://kbtit.pages.dev/characters/sbrs.jpg
18番(淫夢),,https://kbtit.pages.dev/characters/18bn.jpg
18才童貞君,,https://kbtit.pages.dev/characters/18sd.jpg
修復後のキリスト,,https://kbtit.pages.dev/characters/skrs.jpg
16番(淫夢),,https://kbtit.pages.dev/characters/16bn.jpg
純情スーツ兄貴,,https://kbtit.pages.dev/characters/jsan.jpg
しょうこちゃん,,https://kbtit.pages.dev/characters/shkc.jpg
昭和天皇(淫夢),,https://kbtit.pages.dev/characters/swtn.jpg
昭和天皇の御学友(淫夢),,https://kbtit.pages.dev/characters/ggky.jpg
食パンマン(淫夢),,https://kbtit.pages.dev/characters/skpn.jpg
SRIKNZU(鎮念),,https://kbtit.pages.dev/characters/srik.jpg
仁(ALMAZ),,https://kbtit.pages.dev/characters/jina.jpg
イニ義893,,https://kbtit.pages.dev/characters/jngi.jpg
慎悟,,https://kbtit.pages.dev/characters/sngo.jpg
SNJ,SNJ FFSNJ,https://kbtit.pages.dev/characters/snj.jpg
SNJ弟,,https://kbtit.pages.dev/characters/snjo.jpg
真・肉体派食パンマン,,https://kbtit.pages.dev/characters/snsp.jpg
SNY,,https://kbtit.pages.dev/characters/sny.jpg
SGCN(淫夢),,https://kbtit.pages.dev/characters/sgcn.jpg
ズ・ゴオマ・グ(淫夢),,https://kbtit.pages.dev/characters/zgog.jpg
鈴木ツトム,,https://kbtit.pages.dev/characters/sztt.jpg
鈴木実,,https://kbtit.pages.dev/characters/szmn.jpg
誠司(COAT),,https://kbtit.pages.dev/characters/sijc.jpg
星条旗兄貴,,https://kbtit.pages.dev/characters/sijk.jpg
SIY,,https://kbtit.pages.dev/characters/siy.jpg
SKBNK,,https://kbtit.pages.dev/characters/ksbk.jpg
SUT(淫夢),,https://kbtit.pages.dev/characters/sut.jpg
ソーナノ(淫夢),,https://kbtit.pages.dev/characters/snno.jpg
ダーク食パンマン,,https://kbtit.pages.dev/characters/dspm.jpg
DB亜種,,https://kbtit.pages.dev/characters/dbas.jpg
隆(淫夢),,https://kbtit.pages.dev/characters/taks.jpg
タカダキミヒコ,,https://kbtit.pages.dev/characters/tkkm.jpg
TKHS団長,,https://kbtit.pages.dev/characters/thdc.jpg
TKZW,,https://kbtit.pages.dev/characters/tkzw.jpg
TKY(淫夢),,https://kbtit.pages.dev/characters/tky.jpg
TKUC,,https://kbtit.pages.dev/characters/tkuc.jpg
TKNUC,,https://kbtit.pages.dev/characters/tknu.jpg
TDN弟,,https://kbtit.pages.dev/characters/tdno.jpg
辰己(淫夢),,https://kbtit.pages.dev/characters/ttmi.jpg
TTY,,https://kbtit.pages.dev/characters/tty.jpg
田中(迫真先生),,https://kbtit.pages.dev/characters/tnhk.jpg
TNKDISK,,https://kbtit.pages.dev/characters/tnds.jpg
谷(淫夢),,https://kbtit.pages.dev/characters/tani.jpg
ダミ声スタッフ,,https://kbtit.pages.dev/characters/dgst.jpg
DRVS弟,,https://kbtit.pages.dev/characters/dvot.jpg
ダンマー(淫夢),,https://kbtit.pages.dev/characters/danm.jpg
池沼兄貴,,https://kbtit.pages.dev/characters/csan.jpg
超人サイバーZ,,https://kbtit.pages.dev/characters/cbrz.jpg
チンコに名前を付ける男,,https://kbtit.pages.dev/characters/cnto.jpg
ついに発掘された男,,https://kbtit.pages.dev/characters/thso.jpg
通過一般自転車兄貴,,https://kbtit.pages.dev/characters/itja.jpg
TBS(淫夢),,https://kbtit.pages.dev/characters/tbs.jpg
TMBK,,https://kbtit.pages.dev/characters/tmbk.jpg
TRN,,https://kbtit.pages.dev/characters/trn.jpg
DJ兄貴,,https://kbtit.pages.dev/characters/djan.jpg
ティーダ(淫夢),,https://kbtit.pages.dev/characters/tida.jpg
Discovery6で野獣先輩の後に出てくるやつ,,https://kbtit.pages.dev/characters/yjat.jpg
Discovery10で野獣に掘られたやつ(淫夢),,https://kbtit.pages.dev/characters/yaho.jpg
ティッシュ配り命の男っぽい剛史君,,https://kbtit.pages.dev/characters/tiot.jpg
でこっぱち君,,https://kbtit.pages.dev/characters/dkpc.jpg
手錠男,,https://kbtit.pages.dev/characters/tjok.jpg
哲(キックボクサー),,https://kbtit.pages.dev/characters/tetu.jpg
TEPPEI(COAT),,https://kbtit.pages.dev/characters/tpic.jpg
テングザル兄貴,,https://kbtit.pages.dev/characters/tgzr.jpg
ドチンピラ,,https://kbtit.pages.dev/characters/dcpr.jpg
TMNG,,https://kbtit.pages.dev/characters/tmng.jpg
どんちゃん(淫夢),,https://kbtit.pages.dev/characters/dncn.jpg
NITU,,https://kbtit.pages.dev/characters/nitu.jpg
中田(淫夢),,https://kbtit.pages.dev/characters/nakt.jpg
奈義(COAT),,https://kbtit.pages.dev/characters/nagi.jpg
なだぎ武(ピース太郎),,https://kbtit.pages.dev/characters/ndgt.jpg
肉体派インタビュアー,,https://kbtit.pages.dev/characters/nkin.jpg
肉体派おじゃる丸,,https://kbtit.pages.dev/characters/nkoj.jpg
二軍淫夢のエース,,https://kbtit.pages.dev/characters/niac.jpg
偽AKYS,,https://kbtit.pages.dev/characters/nsay.jpg
偽軍畑先輩,,https://kbtit.pages.dev/characters/nsis.jpg
偽KMR,,https://kbtit.pages.dev/characters/nskm.jpg
偽茶髪チャラ男,,https://kbtit.pages.dev/characters/nscc.jpg
偽遠野,,https://kbtit.pages.dev/characters/nstn.jpg
偽MUR,,https://kbtit.pages.dev/characters/nsmr.jpg
NT(ニッタ),,https://kbtit.pages.dev/characters/nt.jpg
NT兄,,https://kbtit.pages.dev/characters/atan.jpg
日本男児兄貴,,https://kbtit.pages.dev/characters/ndan.jpg
ネアンデルタール,,https://kbtit.pages.dev/characters/ndtl.jpg
NKTIDKSG,NKTIDKSG ネクデカ,https://kbtit.pages.dev/characters/nkdk.jpg
NKTIDDKSG,,https://kbtit.pages.dev/characters/nkdd.jpg
ねこぢるの校長,,https://kbtit.pages.dev/characters/nkdr.jpg
のび太(淫夢),,https://kbtit.pages.dev/characters/nbta.jpg
ノブアキ(トランペッター),,https://kbtit.pages.dev/characters/nbak.jpg
NOBUMASA(淫夢),,https://kbtit.pages.dev/characters/nbms.jpg
NRK,NRK セイバー姉貴,https://kbtit.pages.dev/characters/nrk.jpg
バイトの人,,https://kbtit.pages.dev/characters/btht.jpg
迫真先生,,https://kbtit.pages.dev/characters/hkss.jpg
バットマン(淫夢),,https://kbtit.pages.dev/characters/btmn.jpg
羽生結弦(淫夢),,https://kbtit.pages.dev/characters/hnyd.jpg
HMGC,,https://kbtit.pages.dev/characters/hmgc.jpg
ハヤト先輩,,https://kbtit.pages.dev/characters/hyts.jpg
PG59メインモデル,,https://kbtit.pages.dev/characters/p59m.jpg
PG66でNKTIDKSGの後に出てくるやつ,,https://kbtit.pages.dev/characters/p66n.jpg
ハンガリー舞曲兄貴,,https://kbtit.pages.dev/characters/hgbk.jpg
半泣き男,,https://kbtit.pages.dev/characters/hnnk.jpg
ピカチュウパンツ兄貴,,https://kbtit.pages.dev/characters/pkpn.jpg
ヒデ(筋肉黄金期),,https://kbtit.pages.dev/characters/kdko.jpg
ピポサルくん,,https://kbtit.pages.dev/characters/ppsr.jpg
HYDIN,,https://kbtit.pages.dev/characters/hdin.jpg
HRS,,https://kbtit.pages.dev/characters/hrs.jpg
HRNR(淫夢),,https://kbtit.pages.dev/characters/hrnr.jpg
ピンキー姉貴,,https://kbtit.pages.dev/characters/pnky.jpg
ファンキー遠野,,https://kbtit.pages.dev/characters/fktn.jpg
フィンランドハーフ兄貴,,https://kbtit.pages.dev/characters/flha.jpg
フリーザ(淫夢),,https://kbtit.pages.dev/characters/frza.jpg
プリケツブラザーズ,,https://kbtit.pages.dev/characters/pkbr.jpg
閉廷おじさん,,https://kbtit.pages.dev/characters/hiti.jpg
ヘカーティア・ラピスラズリ(淫夢),,https://kbtit.pages.dev/characters/htll.jpg
ペガサスSIY,,https://kbtit.pages.dev/characters/pgsy.jpg
変態郵便屋,,https://kbtit.pages.dev/characters/htyb.jpg
変面20でNKTIDKSGの後に出てくるやつ,,https://kbtit.pages.dev/characters/h20n.jpg
星(淫夢),,https://kbtit.pages.dev/characters/hosi.jpg
星の仲間,,https://kbtit.pages.dev/characters/hsnk.jpg
ホスト風兄貴,,https://kbtit.pages.dev/characters/hfan.jpg
POPO,,https://kbtit.pages.dev/characters/popo.jpg
ホモコップ,,https://kbtit.pages.dev/characters/hcop.jpg
ホリ・トオル,,https://kbtit.pages.dev/characters/hrtr.jpg
HND△,,https://kbtit.pages.dev/characters/hnd.jpg
ボンバーARKW,,https://kbtit.pages.dev/characters/bbak.jpg
ボンバーライオンさん,,https://kbtit.pages.dev/characters/bbli.jpg
真崎航,,https://kbtit.pages.dev/characters/mskk.jpg
MSOさん,,https://kbtit.pages.dev/characters/msos.jpg
MSKW,,https://kbtit.pages.dev/characters/mskw.jpg
幻の15人目,,https://kbtit.pages.dev/characters/mb15.jpg
MUR,MUR 三浦,https://kbtit.pages.dev/characters/mur.jpg
MUR兄,,https://kbtit.pages.dev/characters/mura.jpg
MSW(淫夢),,https://kbtit.pages.dev/characters/msw.jpg
ミスターマラ菊,,https://kbtit.pages.dev/characters/mtmk.jpg
道隆(淫夢),,https://kbtit.pages.dev/characters/mctk.jpg
南佳也,,https://kbtit.pages.dev/characters/mmys.jpg
MNR,,https://kbtit.pages.dev/characters/mnr.jpg
宮永通世,,https://kbtit.pages.dev/characters/mnmy.jpg
MYN,,https://kbtit.pages.dev/characters/myn.jpg
宮野真守(淫夢),,https://kbtit.pages.dev/characters/mnmm.jpg
蟲戦士ヘルワーム,,https://kbtit.pages.dev/characters/mshw.jpg
MRKM,,https://kbtit.pages.dev/characters/mrkm.jpg
MRKMR,,https://kbtit.pages.dev/characters/mrkr.jpg
メガデス怪人,,https://kbtit.pages.dev/characters/mdkj.jpg
メガデス戦闘員,,https://kbtit.pages.dev/characters/mdst.jpg
メガデス白衣戦闘員,,https://kbtit.pages.dev/characters/mdhs.jpg
モーモーパンツ兄貴,,https://kbtit.pages.dev/characters/mmpt.jpg
MTSMAPNMRKNNSKKR,,https://kbtit.pages.dev/characters/mrkn.jpg
MRSK,,https://kbtit.pages.dev/characters/mrsk.jpg
モルダー(淫夢),,https://kbtit.pages.dev/characters/mldr.jpg
八神蒼介,,https://kbtit.pages.dev/characters/ygss.jpg
野獣大先輩,,https://kbtit.pages.dev/characters/yjds.jpg
野獣父,,https://kbtit.pages.dev/characters/yjcc.jpg
野獣母,,https://kbtit.pages.dev/characters/yjhh.jpg
野獣兄,,https://kbtit.pages.dev/characters/yjan.jpg
野獣弟,,https://kbtit.pages.dev/characters/yjot.jpg
野獣姉,,https://kbtit.pages.dev/characters/yjae.jpg
野獣叔父,,https://kbtit.pages.dev/characters/yjoj.jpg
野獣従兄弟,,https://kbtit.pages.dev/characters/yjit.jpg
野獣社員,,https://kbtit.pages.dev/characters/yjsi.jpg
ゆうさく,,https://kbtit.pages.dev/characters/yusk.jpg
野獣保健医,,https://kbtit.pages.dev/characters/yjhi.jpg
YSKN,,https://kbtit.pages.dev/characters/yskn.jpg
YSDKN,,https://kbtit.pages.dev/characters/ysdk.jpg
YNG(淫夢),,https://kbtit.pages.dev/characters/yng.jpg
山崎まさゆき,,https://kbtit.pages.dev/characters/ymzk.jpg
ヤマネ(淫夢),,https://kbtit.pages.dev/characters/ymne.jpg
山本(迫真先生),,https://kbtit.pages.dev/characters/ymhs.jpg
YUIC,,https://kbtit.pages.dev/characters/yuic.jpg
優雅(淫夢),,https://kbtit.pages.dev/characters/yuga.jpg
雄生(COAT),,https://kbtit.pages.dev/characters/yusi.jpg
優人(WEST),,https://kbtit.pages.dev/characters/yuto.jpg
由利(淫夢),,https://kbtit.pages.dev/characters/yuri.jpg
遥亮(COAT),,https://kbtit.pages.dev/characters/yskc.jpg
横原ゴリジュニア,,https://kbtit.pages.dev/characters/yhgj.jpg
YKYM(KNJN∞),,https://kbtit.pages.dev/characters/ykym.jpg
義臣,,https://kbtit.pages.dev/characters/ysom.jpg
四人目の患者,,https://kbtit.pages.dev/characters/4knj.jpg
4003勝の男,,https://kbtit.pages.dev/characters/4003.jpg
ラブオイル校長,,https://kbtit.pages.dev/characters/lokc.jpg
リアクション芸人(淫夢),,https://kbtit.pages.dev/characters/ragn.jpg
RYO(淫夢),,https://kbtit.pages.dev/characters/ryo.jpg
凛汰,,https://kbtit.pages.dev/characters/rnta.jpg
ローライズ君,,https://kbtit.pages.dev/characters/lwrs.jpg
ロバートAKYM,,https://kbtit.pages.dev/characters/rbay.jpg
渉(淫夢),,https://kbtit.pages.dev/characters/wtru.jpg
ワッキー(精子舐めがいやらしい),,https://kbtit.pages.dev/characters/snir.jpg
あたる(淫夢),,https://kbtit.pages.dev/characters/atar.jpg
篤太郎さん,,https://kbtit.pages.dev/characters/attr.jpg
あらた(淫夢),,https://kbtit.pages.dev/characters/arta.jpg
えいた(淫夢),,https://kbtit.pages.dev/characters/eita.jpg
大島薫,,https://kbtit.pages.dev/characters/osm.jpg
OKB君,,https://kbtit.pages.dev/characters/okbk.jpg
我修院(淫夢),我修院(淫夢) 我修院,https://kbtit.pages.dev/characters/gsin.jpg
川崎京一,,https://kbtit.pages.dev/characters/kski.jpg
関東クレーマー,,https://kbtit.pages.dev/characters/ktcl.jpg
虐待おじさん,,https://kbtit.pages.dev/characters/gkoj.jpg
KBTIT,KBTIT タクヤさん,https://kbtit.pages.dev/characters/kbtit.jpg
KBTIT_Jr,,https://kbtit.pages.dev/characters/ktjr.jpg
健介,,https://kbtit.pages.dev/characters/knsk.jpg
こう(淫夢),,https://kbtit.pages.dev/characters/kou.jpg
ゴーグル先生,,https://kbtit.pages.dev/characters/ggss.jpg
GTさん,,https://kbtit.pages.dev/characters/gt.jpg
ゴルニャン(淫夢),,https://kbtit.pages.dev/characters/grnn.jpg
近藤靖浩,,https://kbtit.pages.dev/characters/kdys.jpg
Syamu_Game(淫夢),,https://kbtit.pages.dev/characters/symg.jpg
じゅんぺい,じゅんぺい じゅんぺい(淫夢),https://kbtit.pages.dev/characters/jnpi.jpg
伸治,,https://kbtit.pages.dev/characters/snji.jpg
しんたろう,,https://kbtit.pages.dev/characters/sntr.jpg
征矢,,https://kbtit.pages.dev/characters/seiy.jpg
だいちくん,,https://kbtit.pages.dev/characters/dich.jpg
貴乃信,,https://kbtit.pages.dev/characters/tkns.jpg
たると(淫夢),,https://kbtit.pages.dev/characters/trt.jpg
つとむ,,https://kbtit.pages.dev/characters/ttmu.jpg
手越祐也(淫夢),,https://kbtit.pages.dev/characters/tegs.jpg
TKGW,,https://kbtit.pages.dev/characters/tkgw.jpg
ともや(淫夢),,https://kbtit.pages.dev/characters/tomy.jpg
NKI,,https://kbtit.pages.dev/characters/nki.jpg
中山幸一,,https://kbtit.pages.dev/characters/nyki.jpg
バイト君,,https://kbtit.pages.dev/characters/btkn.jpg
爆弾岩くん,,https://kbtit.pages.dev/characters/bdiw.jpg
ひで(淫夢),ひで(淫夢) ひで,https://kbtit.pages.dev/characters/hide.jpg
豹変インタビュアー,,https://kbtit.pages.dev/characters/hhiv.jpg
平野源五郎,平野源五郎 キモオタ平野,https://kbtit.pages.dev/characters/hrn.jpg
藤井聡太(淫夢),,https://kbtit.pages.dev/characters/fjst.jpg
筆使いのさとし,,https://kbtit.pages.dev/characters/fdst.jpg
ポイズン菊池,,https://kbtit.pages.dev/characters/pskt.jpg
ポイテーロ,,https://kbtit.pages.dev/characters/pitr.jpg
堀川雷鼓(淫夢),,https://kbtit.pages.dev/characters/hkrk.jpg
ホワイトマン,,https://kbtit.pages.dev/characters/wtmn.jpg
まさよしくん,,https://kbtit.pages.dev/characters/msys.jpg
まひろ(淫夢),,https://kbtit.pages.dev/characters/mhr.jpg
まもるっ,,https://kbtit.pages.dev/characters/mmrt.jpg
神野大二郎,,https://kbtit.pages.dev/characters/kmnd.jpg
モザイク姉貴,,https://kbtit.pages.dev/characters/mzan.jpg
森林原人,,https://kbtit.pages.dev/characters/mbgj.jpg
悶絶先生,,https://kbtit.pages.dev/characters/mzss.jpg
八神レイ,,https://kbtit.pages.dev/characters/ygyr.jpg
YKSMR,,https://kbtit.pages.dev/characters/yksm.jpg
山本ルーカス,,https://kbtit.pages.dev/characters/ymlc.jpg
ゆうま(淫夢),,https://kbtit.pages.dev/characters/yuma.jpg
礼二,,https://kbtit.pages.dev/characters/reij.jpg
イケボ親父,,https://kbtit.pages.dev/characters/ikbo.jpg
淫乱テディベア,,https://kbtit.pages.dev/characters/tdbr.jpg
ウルトラ巨根課長,,https://kbtit.pages.dev/characters/ukkc.jpg
AKB48の秋元才加ファンだというハンサムな太目中年,,https://kbtit.pages.dev/characters/aahf.jpg
課長こわれる,課長こわれる,https://kbtit.pages.dev/characters/kcho.jpg
唐澤貴洋(淫夢),,https://kbtit.pages.dev/characters/krsw.jpg
還暦の巨根オヤジ,,https://kbtit.pages.dev/characters/kkoj.jpg
激ハメ爺ちゃん,,https://kbtit.pages.dev/characters/gkhm.jpg
ケツデカ課長,,https://kbtit.pages.dev/characters/ktdk.jpg
現場監督,,https://kbtit.pages.dev/characters/gnba.jpg
小柄メガネのウケ中年,,https://kbtit.pages.dev/characters/kmuc.jpg
サムソン高橋,,https://kbtit.pages.dev/characters/ssth.jpg
しあわせ紳士,,https://kbtit.pages.dev/characters/swss.jpg
商店主,,https://kbtit.pages.dev/characters/stns.jpg
大好き氏,,https://kbtit.pages.dev/characters/dsks.jpg
武田信玄(淫夢),,https://kbtit.pages.dev/characters/tkds.jpg
タチ中年,,https://kbtit.pages.dev/characters/ttcn.jpg
だるま親爺,,https://kbtit.pages.dev/characters/drmo.jpg
短髪メガネ野郎(短髪モロ感野郎),,https://kbtit.pages.dev/characters/tpmy.jpg
乳首モロ感真面目部長,,https://kbtit.pages.dev/characters/cmmb.jpg
でかちん父さん,,https://kbtit.pages.dev/characters/dcts.jpg
77歳の肛門モロ感の親爺,,https://kbtit.pages.dev/characters/nnc.jpg
敏感ふとまら君,,https://kbtit.pages.dev/characters/ftmr.jpg
変態親父,,https://kbtit.pages.dev/characters/htoj.jpg
三又又三(淫夢),,https://kbtit.pages.dev/characters/mmtm.jpg
やりマン兄貴,,https://kbtit.pages.dev/characters/yrmn.jpg
臨死体験親父,,https://kbtit.pages.dev/characters/rtoj.jpg
AIZW,,https://kbtit.pages.dev/characters/aizw.jpg
蒼武蔵,蒼武蔵 アナルアサシン,https://kbtit.pages.dev/characters/anas.jpg
赤城武雄,,https://kbtit.pages.dev/characters/akg.jpg
アナアサでタバコ落とした人,,https://kbtit.pages.dev/characters/aato.jpg
イアン(淫夢),,https://kbtit.pages.dev/characters/ian.jpg
いなり男,,https://kbtit.pages.dev/characters/inr.jpg
大谷翔平(淫夢),,https://kbtit.pages.dev/characters/otsh.jpg
関西クレーマー,,https://kbtit.pages.dev/characters/clim.jpg
教頭(淫夢),,https://kbtit.pages.dev/characters/kytu.jpg
久保帯人(淫夢),,https://kbtit.pages.dev/characters/kubo.jpg
クラウド(淫夢),,https://kbtit.pages.dev/characters/cldi.jpg
極道熊,,https://kbtit.pages.dev/characters/gdgm.jpg
小籔千豊(淫夢),,https://kbtit.pages.dev/characters/kykt.jpg
左慈半造,,https://kbtit.pages.dev/characters/sjhz.jpg
スタッフ中井,,https://kbtit.pages.dev/characters/stnk.jpg
第二のいなり男,,https://kbtit.pages.dev/characters/inr2.jpg
第三のいなり男,,https://kbtit.pages.dev/characters/inr3.jpg
玉木修,,https://kbtit.pages.dev/characters/tmko.jpg
津田君,,https://kbtit.pages.dev/characters/tdkn.jpg
豊田力,,https://kbtit.pages.dev/characters/tydc.jpg
ナイナイ岡村,,https://kbtit.pages.dev/characters/nnok.jpg
中野くん(淫夢),中野くん(淫夢) 中野くん,https://kbtit.pages.dev/characters/nkn.jpg
花澤香菜(淫夢),,https://kbtit.pages.dev/characters/hnkn.jpg
マスクド永谷園,,https://kbtit.pages.dev/characters/mngt.jpg
松田陸,,https://kbtit.pages.dev/characters/mtdr.jpg
赤色コート君,,https://kbtit.pages.dev/characters/aick.jpg
アキオ(SP),,https://kbtit.pages.dev/characters/akio.jpg
炎獣魔神,,https://kbtit.pages.dev/characters/ejmj.jpg
ウェスカー(淫夢),,https://kbtit.pages.dev/characters/wskr.jpg
おフェラ座の怪人,,https://kbtit.pages.dev/characters/ofzk.jpg
硝子君,,https://kbtit.pages.dev/characters/grsk.jpg
元祖野獣,,https://kbtit.pages.dev/characters/gsyj.jpg
黄色パーカー君,,https://kbtit.pages.dev/characters/kipk.jpg
グラサン男(SP),,https://kbtit.pages.dev/characters/grsn.jpg
ケンジィ,,https://kbtit.pages.dev/characters/knji.jpg
砂時計君,,https://kbtit.pages.dev/characters/sndk.jpg
タカシィ,,https://kbtit.pages.dev/characters/tksi.jpg
タカノリ(SP),,https://kbtit.pages.dev/characters/tknr.jpg
二千ドル男,,https://kbtit.pages.dev/characters/nsdo.jpg
覗かれたMの部屋の覗いてくるやつ,,https://kbtit.pages.dev/characters/nzkr.jpg
FJNM,,https://kbtit.pages.dev/characters/fjnm.jpg
ホモの兄ちゃん,,https://kbtit.pages.dev/characters/hmnc.jpg
真彦(SP),,https://kbtit.pages.dev/characters/mshk.jpg
マジメ君のライバル(SP),,https://kbtit.pages.dev/characters/mkrv.jpg
マッチョの弟の兄貴,,https://kbtit.pages.dev/characters/moan.jpg
野生派ハンサム青年達彦,,https://kbtit.pages.dev/characters/yhst.jpg
山崎(SP),,https://kbtit.pages.dev/characters/ymzs.jpg
ユウ君,,https://kbtit.pages.dev/characters/yukn.jpg
ユウジさん,,https://kbtit.pages.dev/characters/yuji.jpg
ユウスケ(淫夢),,https://kbtit.pages.dev/characters/yske.jpg
吉永透(SP),,https://kbtit.pages.dev/characters/ysnt.jpg
吉永透のストーカー,,https://kbtit.pages.dev/characters/ytst.jpg
ヨシヒコ(SP),,https://kbtit.pages.dev/characters/yshk.jpg
糸引きおじさん,,https://kbtit.pages.dev/characters/ithk.jpg
インラン親爺,,https://kbtit.pages.dev/characters/iroj.jpg
OGMM,,https://kbtit.pages.dev/characters/ogmm.jpg
ガバ穴ダディー,,https://kbtit.pages.dev/characters/dady.jpg
クチマン爺,,https://kbtit.pages.dev/characters/kcmj.jpg
拷問親父,,https://kbtit.pages.dev/characters/gmoj.jpg
コブラ三木谷,,https://kbtit.pages.dev/characters/cobr.jpg
佐々木主任,,https://kbtit.pages.dev/characters/ssks.jpg
島田部長,,https://kbtit.pages.dev/characters/smb.jpg
スティーブ・ジョブズ(淫夢),,https://kbtit.pages.dev/characters/stjs.jpg
ドラゴン田中,,https://kbtit.pages.dev/characters/drgn.jpg
虎寅,,https://kbtit.pages.dev/characters/trtr.jpg
横井警備員,,https://kbtit.pages.dev/characters/ykik.jpg
赤豚,,https://kbtit.pages.dev/characters/akbt.jpg
明(淫夢),,https://kbtit.pages.dev/characters/akri.jpg
AZにゃん,,https://kbtit.pages.dev/characters/aznn.jpg
ア〇ルが変なっちゃった兄貴,,https://kbtit.pages.dev/characters/anhn.jpg
アメリカン兄貴,,https://kbtit.pages.dev/characters/amrc.jpg
INUEコーチ,,https://kbtit.pages.dev/characters/inco.jpg
淫夢厨(淫夢),,https://kbtit.pages.dev/characters/inmc.jpg
うま味紳士,,https://kbtit.pages.dev/characters/umaj.jpg
ウルフ(淫夢),,https://kbtit.pages.dev/characters/wolf.jpg
うんち提案おじさん,,https://kbtit.pages.dev/characters/unct.jpg
オークション男,,https://kbtit.pages.dev/characters/okuo.jpg
ONDISK,,https://kbtit.pages.dev/characters/onds.jpg
カダフィ大佐(淫夢),,https://kbtit.pages.dev/characters/qdfi.jpg
ガチデブ系の男,,https://kbtit.pages.dev/characters/gtdb.jpg
金子君,,https://kbtit.pages.dev/characters/knkk.jpg
竈門禰豆子(淫夢),,https://kbtit.pages.dev/characters/nezk.jpg
北浦京子,,https://kbtit.pages.dev/characters/ktur.jpg
QPちゃん,,https://kbtit.pages.dev/characters/qpcn.jpg
強精コンビ,,https://kbtit.pages.dev/characters/kkcb.jpg
K2兄貴,,https://kbtit.pages.dev/characters/k2an.jpg
gejir@,,https://kbtit.pages.dev/characters/gejr.jpg
綱太,,https://kbtit.pages.dev/characters/kota.jpg
剛竜馬,,https://kbtit.pages.dev/characters/grym.jpg
こぐま部長,,https://kbtit.pages.dev/characters/kgm.jpg
コネスケ,,https://kbtit.pages.dev/characters/kone.jpg
ゴロリ(淫夢),,https://kbtit.pages.dev/characters/gorr.jpg
近藤P,,https://kbtit.pages.dev/characters/kndp.jpg
魂魄妖夢(淫夢),,https://kbtit.pages.dev/characters/kpym.jpg
斉藤ゆたか,,https://kbtit.pages.dev/characters/styt.jpg
佐久間良雄,,https://kbtit.pages.dev/characters/skmy.jpg
座敷童子(淫夢),,https://kbtit.pages.dev/characters/zsws.jpg
佐藤翔太,,https://kbtit.pages.dev/characters/stus.jpg
佐野恵太,,https://kbtit.pages.dev/characters/snet.jpg
ザビエル河童,,https://kbtit.pages.dev/characters/xvkp.jpg
SYK姉貴,,https://kbtit.pages.dev/characters/syk.jpg
失礼インタビュアー,,https://kbtit.pages.dev/characters/sriv.jpg
修行兄貴,,https://kbtit.pages.dev/characters/sygy.jpg
初心者のM,,https://kbtit.pages.dev/characters/ssym.jpg
白豚,,https://kbtit.pages.dev/characters/srbt.jpg
鈴木(淫夢),,https://kbtit.pages.dev/characters/szk.jpg
ZUN(淫夢),,https://kbtit.pages.dev/characters/zun.jpg
孫悟空(淫夢),,https://kbtit.pages.dev/characters/sngk.jpg
体育教師(淫夢),,https://kbtit.pages.dev/characters/tkky.jpg
茶髪チャラ男(AKNM),,https://kbtit.pages.dev/characters/cpco.jpg
超あきら,,https://kbtit.pages.dev/characters/cakr.jpg
チョコボール向井,,https://kbtit.pages.dev/characters/ccbl.jpg
TRSM,,https://kbtit.pages.dev/characters/trsm.jpg
テラドン,,https://kbtit.pages.dev/characters/trdn.jpg
東郷健,,https://kbtit.pages.dev/characters/tugu.jpg
独眼竜兄貴,,https://kbtit.pages.dev/characters/dkgn.jpg
Toraemon,,https://kbtit.pages.dev/characters/trem.jpg
ドレミー・セーター,,https://kbtit.pages.dev/characters/drms.jpg
長井大,,https://kbtit.pages.dev/characters/ngim.jpg
肉丸,,https://kbtit.pages.dev/characters/nkmr.jpg
ネス(淫夢),,https://kbtit.pages.dev/characters/ness.jpg
野中玄太,,https://kbtit.pages.dev/characters/nnkg.jpg
のび太を見捨てたドラえもんシャツ兄貴,,https://kbtit.pages.dev/characters/nmdr.jpg
ハガー市長(淫夢),,https://kbtit.pages.dev/characters/hgr.jpg
バルカン大先輩,バルカン大先輩 アルピー高見沢,https://kbtit.pages.dev/characters/bkds.jpg
バレー青年,,https://kbtit.pages.dev/characters/vlsn.jpg
ピエール瀧(淫夢),,https://kbtit.pages.dev/characters/prtk.jpg
樋口黎,,https://kbtit.pages.dev/characters/hgcr.jpg
ヒゲクマ調教師,,https://kbtit.pages.dev/characters/hgkm.jpg
ひで(46),,https://kbtit.pages.dev/characters/hd46.jpg
フィスト大魔王,,https://kbtit.pages.dev/characters/ftdm.jpg
副市長,,https://kbtit.pages.dev/characters/fksc.jpg
無らい,,https://kbtit.pages.dev/characters/buri.jpg
BROS.,,https://kbtit.pages.dev/characters/bros.jpg
文吾,,https://kbtit.pages.dev/characters/bngo.jpg
変態オナニー青年アキラ,変態オナニー青年アキラ オナアキ,https://kbtit.pages.dev/characters/onak.jpg
ホモビ戦士,,https://kbtit.pages.dev/characters/hmbs.jpg
本格的にドラえもんに見捨てられたのび太,,https://kbtit.pages.dev/characters/hdmn.jpg
毎回屈辱ヒーローガンバマン,毎回屈辱ヒーローガンバマン ガンバマン,https://kbtit.pages.dev/characters/gnbm.jpg
MASARU(B+B),,https://kbtit.pages.dev/characters/msrb.jpg
MasuoTV(淫夢),,https://kbtit.pages.dev/characters/mstv.jpg
万太郎,,https://kbtit.pages.dev/characters/mntr.jpg
MUR父,,https://kbtit.pages.dev/characters/murc.jpg
MTMTKY,,https://kbtit.pages.dev/characters/mtmt.jpg
MEGWIN(淫夢),,https://kbtit.pages.dev/characters/mgwn.jpg
望月輝,,https://kbtit.pages.dev/characters/mdnz.jpg
YMSK,,https://kbtit.pages.dev/characters/ymsk.jpg
山本優心,,https://kbtit.pages.dev/characters/ymyj.jpg
山本竜二,,https://kbtit.pages.dev/characters/ymrj.jpg
ゆたぼん(淫夢),,https://kbtit.pages.dev/characters/ytbn.jpg
横井ルイ,,https://kbtit.pages.dev/characters/yktr.jpg
りゅうくん,,https://kbtit.pages.dev/characters/rykn.jpg
ルイージ(淫夢),,https://kbtit.pages.dev/characters/ligi.jpg
レイザー(レスリングシリーズ),,https://kbtit.pages.dev/characters/razr.jpg
アクメルくん,,https://kbtit.pages.dev/characters/akmr.jpg
椅子くん,椅子くん ストラディバリ椅子,https://kbtit.pages.dev/characters/iskn.jpg
淫夢くん,,https://kbtit.pages.dev/characters/inmk.jpg
植木鉢くん,,https://kbtit.pages.dev/characters/ubkn.jpg
後ろの木みたいなやつ,,https://kbtit.pages.dev/characters/ukmt.jpg
エレファントドアくん,,https://kbtit.pages.dev/characters/edkn.jpg
オナアキの後ろにたたずむランプ,,https://kbtit.pages.dev/characters/outl.jpg
傘くん,,https://kbtit.pages.dev/characters/kskn.jpg
ガン掘リア宮殿,,https://kbtit.pages.dev/characters/gbkd.jpg
観葉植物くん,,https://kbtit.pages.dev/characters/kysk.jpg
クルルァ,,https://kbtit.pages.dev/characters/krra.jpg
豪俊影視,,https://kbtit.pages.dev/characters/gses.jpg
新宿調教センター,,https://kbtit.pages.dev/characters/scct.jpg
スカイフィッシュくん,,https://kbtit.pages.dev/characters/sfkn.jpg
すごい高くて日本じゃ手に入らないバラ,,https://kbtit.pages.dev/characters/sntb.jpg
セミ兄貴,,https://kbtit.pages.dev/characters/semi.jpg
TDN弟の周りを飛ぶ大きめの虫くん,,https://kbtit.pages.dev/characters/tmom.jpg
たるとのオリキャラ,,https://kbtit.pages.dev/characters/trto.jpg
DKSGNKTI,,https://kbtit.pages.dev/characters/dsnt.jpg
テロップくん,,https://kbtit.pages.dev/characters/telp.jpg
バレーボールくん,,https://kbtit.pages.dev/characters/vbkn.jpg
ひでのオリキャラ,,https://kbtit.pages.dev/characters/hdoc.jpg
平野のどうぞという声にしか反応しない扉,,https://kbtit.pages.dev/characters/hdkt.jpg
ブルドックス,,https://kbtit.pages.dev/characters/bldk.jpg
ポルターガイストくん,,https://kbtit.pages.dev/characters/plgs.jpg
野獣邸,,https://kbtit.pages.dev/characters/yjti.jpg
アーウェイ,,https://kbtit.pages.dev/characters/ywei.jpg
杰兄貴,,https://kbtit.pages.dev/characters/ktan.jpg
田所浩治(佐倉市),,https://kbtit.pages.dev/characters/tdkr.jpg
西寺郷太,西寺郷太 NSDR,https://kbtit.pages.dev/characters/nsdr.jpg
変態マゾチュウ,,https://kbtit.pages.dev/characters/mzcu.jpg
変態糞親父,変態糞親父 変態糞土方,https://kbtit.pages.dev/characters/ksoy.jpg
MMR部長,,https://kbtit.pages.dev/characters/mmrb.jpg
YOU_THE_ROCK★,YTR★ YOU_THE_ROCK★,https://kbtit.pages.dev/characters/ytr.jpg
熊太郎,,https://kbtit.pages.dev/characters/kmtr.jpg
精子を出していただいたお客様,,https://kbtit.pages.dev/characters/sdio.jpg
一般通過姉貴,,https://kbtit.pages.dev/characters/itae.jpg
HGC,,https://kbtit.pages.dev/characters/hgc.jpg
