順位,名前,動画,レス,pixiv,検索,得点,前回
1,KBTIT,16196,40761,1596,132000,38304,1
2,野獣先輩,21622,4659,4619,920000,29490,2
3,変態糞親父,4941,2932,324,34000,6765,
4,ひで(淫夢),2109,5473,400,98100,5344,3
5,MUR,2654,1496,840,410000,4652,4
6,KMR,1966,941,570,317000,3324,9
7,虐待おじさん,1687,1684,352,29000,2910,8
8,TDN,1534,1615,380,144000,2866,6
9,淫夢くん,1248,1400,569,212000,2729,7
10,ゆうさく,2091,918,143,10300,2703,10
11,NKTIDKSG,1947,1221,69,15000,2642,11
12,ガバ穴ダディー,1734,1327,142,12200,2552,13
13,現場監督,875,3014,63,16700,2462,12
14,AKNM,1378,1816,30,7930,2324,14
15,変態オナニー青年アキラ,1217,1963,25,9480,2233,56
16,平野源五郎,1104,1530,205,14500,2088,16
17,遠野(淫夢),1406,903,173,37000,2068,15
18,ONDISK,599,2339,36,10200,1815,17
19,関西クレーマー,1020,1030,115,102000,1752,19
20,マジメ君,1262,796,51,12400,1723,18
21,TNOK,928,549,301,120000,1624,22
22,GO(淫夢),911,1000,69,8430,1488,20
23,SNJ,1133,373,143,12800,1475,23
24,うんち提案おじさん,193,2362,80,4440,1458,21
25,AKYS,598,1206,68,52800,1322,29
26,肉体派おじゃる丸,791,779,57,9010,1247,26
27,課長こわれる,633,989,71,6040,1205,28
28,武田信玄(淫夢),805,659,30,6570,1171,31
29,バットマン(淫夢),1028,200,27,3610,1159,34
30,77歳の肛門モロ感の親爺,605,931,49,5170,1125,30
31,ドラゴン田中,571,802,101,8080,1081,32
32,じゅんぺい,296,1438,50,7650,1073,35
33,西寺郷太,870,171,59,4090,1019,5
34,オークション男,678,572,21,4430,989,33
35,蒼武蔵,738,61,81,6050,856,27
36,ピンキー姉貴,343,692,92,31900,813,25
37,島田部長,289,984,13,4590,799,37
38,INUEコーチ,34,1498,1,359,784,39
39,田所浩治(佐倉市),603,329,0,2640,770,
40,KYN,352,597,85,7720,743,40
41,淫乱テディベア,420,401,73,33600,727,36
42,YOU_THE_ROCK★,356,696,17,1710,723,24
43,ハガー市長(淫夢),479,410,27,2080,713,43
44,AOK,502,324,24,5420,693,41
45,KBSトリオ,320,477,120,7800,686,44
46,変態マゾチュウ,107,1093,7,9240,670,
47,ヒゲクマ調教師,269,644,42,3520,637,48
48,チョコボール向井,564,74,7,22000,630,38
49,第二のいなり男,414,261,65,4400,614,49
50,野獣邸,173,624,32,24700,542,52
51,鈴木(淫夢),508,41,0,2050,531,51
52,中野くん(淫夢),227,406,79,6080,515,55
53,HTN,198,483,61,11900,512,53
54,我修院(淫夢),227,422,30,10600,479,57
55,セミ兄貴,194,277,28,95100,456,50
56,フリーザ(淫夢),288,263,1,3020,424,133
57,HND△,237,214,46,3660,394,58
58,ケンジィ,389,0,0,68,389,484
59,剛竜馬,227,243,26,7910,382,42
60,DB(淫夢),209,290,17,8430,379,47
61,一般通過爺,167,317,36,5050,367,60
62,OOESNR,217,268,4,2630,358,64
63,ホリ・トオル,257,140,19,4170,350,62
64,ホモコップ,281,106,12,3090,349,65
65,関西チャラ男,190,250,29,3210,347,59
66,TKGW,180,277,24,3690,346,74
67,激ハメ爺ちゃん,219,224,7,1620,340,63
68,山崎まさゆき,158,316,12,3010,331,69
69,関東チャラ男,174,198,46,3320,322,68
70,クルルァ,156,205,49,8100,316,67
71,軍畑先輩,146,282,19,3760,310,70
72,ケツデカ課長,144,248,33,3990,305,71
73,いなり男,229,94,20,7450,303,61
74,超人サイバーZ,152,179,56,3510,301,73
75,KN(淫夢),224,142,2,1700,299,72
76,こぐま部長,166,242,3,2720,293,76
77,手越祐也(淫夢),180,211,3,1350,290,80
78,たると(淫夢),30,513,2,436,289,77
79,SGW,137,67,109,4070,284,100
80,顔が変な人,88,257,5,61100,283,99
81,ポルターガイストくん,79,363,10,2900,273,79
82,OGMM,107,292,14,2410,269,81
83,敏感ふとまら君,104,300,11,2350,267,85
84,まひろ(淫夢),124,265,9,1410,267,86
85,GTさん,213,95,5,1330,267,83
86,閉廷おじさん,95,302,14,6350,266,78
87,ポイテーロ,103,242,37,4570,266,94
88,テロップくん,197,89,19,1940,262,89
89,大島薫,29,303,76,5820,262,45
90,KMRスタッフ,253,10,0,1690,260,88
91,HRNR(淫夢),233,50,0,794,259,87
92,肉丸,106,194,48,4790,256,103
93,野獣父,154,153,14,4570,249,90
94,SGCN(淫夢),35,426,0,214,248,93
95,うま味紳士,83,169,74,1690,243,91
96,赤城武雄,153,26,69,1340,236,92
97,コブラ三木谷,158,124,13,2410,235,108
98,北浦京子,49,345,12,563,234,95
99,昭和天皇(淫夢),115,219,0,2100,227,98
100,万太郎,20,20,194,2180,226,321
101,Discovery10で野獣に掘られたやつ(淫夢),104,232,0,1010,221,102
102,観葉植物くん,120,116,40,2610,221,82
103,白豚,72,3,140,4090,218,273
104,POPO,107,193,9,4250,217,104
105,NRK,103,172,17,6360,212,123
106,糸引きおじさん,117,177,4,902,210,96
107,健介,187,8,9,10300,210,105
108,ア〇ルが変なっちゃった兄貴,131,153,1,502,209,121
109,しみけん,148,18,10,37800,205,167
110,NSOK,115,119,24,5490,204,109
111,だいちくん,163,64,5,3500,204,107
112,変態郵便屋,170,29,6,1740,192,106
113,つとむ,148,58,10,3370,190,162
114,植木鉢くん,149,67,6,1600,190,111
115,椅子くん,165,34,0,2490,184,101
116,一転攻勢(シャブラサレータ),95,150,6,3100,179,97
117,TKNUC,81,122,21,3060,166,115
118,佐野恵太,49,75,6,72000,164,150
119,DRVS,89,110,12,4240,160,113
120,豪俊影視,98,41,41,626,160,114
121,AZにゃん,72,141,17,601,160,116
122,マスクド永谷園,56,189,6,2380,159,129
123,クチマン爺,41,215,7,533,156,118
124,白いの(淫夢),75,148,0,5530,155,117
125,OKDYSNR,136,18,5,1350,151,131
126,OGRSYN,55,185,1,1860,150,120
127,征矢,79,112,9,3550,148,139
128,関東クレーマー,79,113,10,1350,147,124
129,EMT(淫夢),84,124,0,261,146,84
130,ひでのオリキャラ,44,74,63,1350,145,127
131,KBT,17,3,123,2360,144,350
132,タカダキミヒコ,63,151,1,1370,141,128
133,筆使いのさとし,118,38,3,802,141,122
134,Toraemon,52,169,1,1200,139,137
135,SKGC,124,13,1,3960,135,130
136,タチ中年,69,121,4,1090,135,119
137,ホスト風兄貴,89,90,0,389,134,125
138,毎回屈辱ヒーローガンバマン,67,117,4,898,130,
139,MNR,41,138,15,3320,128,135
140,南佳也,38,78,4,46900,128,46
141,竈門禰豆子(淫夢),51,133,7,446,125,132
142,イニ義893,51,127,7,1180,123,138
143,金泰均(COAT),54,133,0,283,121,126
144,MYN,71,62,12,2440,116,156
145,還暦の巨根オヤジ,44,139,1,1470,116,147
146,しんたろう,64,22,39,823,115,231
147,淫夢厨(淫夢),7,207,1,3260,115,143
148,SIY,89,20,9,2750,111,141
149,ヘカーティア・ラピスラズリ(淫夢),71,74,2,504,111,146
150,強精コンビ,95,23,0,1610,108,149
151,慎悟,8,0,99,263,107,441
152,野獣母,35,139,1,1550,107,144
153,クラウド(淫夢),66,76,2,496,106,145
154,SKBNK,65,77,0,471,104,151
155,テラドン,65,71,2,1220,104,152
156,TRN,46,89,10,2650,103,155
157,乳首モロ感真面目部長,28,146,1,1070,103,148
158,イカせ隊,63,67,0,5270,102,140
159,短髪メガネ野郎(短髪モロ感野郎),46,107,0,209,100,142
160,ラブオイル校長,22,141,4,1540,98,154
161,バルカン大先輩,64,62,0,865,96,166
162,左慈半造,48,90,1,550,95,66
163,ZUN(淫夢),68,46,1,1200,93,153
164,4003勝の男,33,113,1,1190,92,158
165,大好き氏,14,146,1,2000,90,169
166,ITI,43,66,11,2780,90,170
167,大谷翔平(淫夢),17,138,0,1440,87,
168,浣腸芸人,53,60,3,1150,87,163
169,ダーク食パンマン,51,60,4,2060,87,159
170,ミスターマラ菊,79,13,0,317,86,164
171,小森(ゴミ漁りの達人),76,15,2,198,86,161
172,島田兄弟,50,12,29,168,85,199
173,KBTIT_Jr,49,69,0,340,84,171
174,バイト君,20,2,28,34400,83,389
175,まさよしくん,21,112,3,2080,82,165
176,義臣,80,3,0,401,82,317
177,テングザル兄貴,26,100,1,1170,78,185
178,DKSGNKTI,64,25,1,466,78,157
179,ダンマー(淫夢),46,62,0,590,78,176
180,失礼インタビュアー,44,66,0,334,77,193
181,ウルフ(淫夢),66,22,0,271,77,173
182,ハンガリー舞曲兄貴,56,37,0,1120,76,175
183,偽MUR,62,21,1,883,74,177
184,真崎航,23,23,38,1330,74,75
185,野獣大先輩,42,59,0,2130,74,174
186,豹変インタビュアー,37,72,0,434,73,
187,修行兄貴,48,43,2,317,72,179
188,平野のどうぞという声にしか反応しない扉,16,110,0,116,71,168
189,綱太,44,49,2,496,71,180
190,中山幸一,50,33,3,1180,71,194
191,IWS,22,63,16,1030,71,207
192,高校生君,66,6,0,383,69,178
193,AMFTTSFNDKTETNKTIBWMTKKKSJNSHF,8,122,0,244,69,271
194,NT(ニッタ),21,94,1,100,69,160
195,ゆうま(淫夢),48,31,5,295,69,192
196,ティーダ(淫夢),43,49,0,1130,69,172
197,森林原人,39,32,2,11400,68,110
198,初心者のM,50,21,5,2240,68,201
199,第三のいなり男,26,71,3,1210,66,191
200,ECZN,32,54,4,1960,65,188
201,ブルドックス,35,54,1,1730,65,187
202,MTSMAPNMRKNNSKKR,12,100,2,524,65,198
203,篤太郎さん,35,58,0,185,64,196
204,変面20でNKTIDKSGの後に出てくるやつ,46,33,1,456,64,195
205,MRKM,35,50,3,899,64,190
206,野獣兄,22,70,4,2330,63,183
207,新宿調教センター,33,44,0,4570,60,210
208,奈義(COAT),56,5,0,94,59,134
209,迫真先生,49,8,4,698,58,181
210,KEN(淫夢),26,55,4,111,58,189
211,ナイナイ岡村,33,30,8,1060,57,200
212,でこっぱち君,11,87,0,393,55,202
213,杰兄貴,41,26,0,283,54,206
214,野獣姉,11,79,2,789,53,204
215,バレーボールくん,42,20,1,267,53,209
216,カンパニー松尾,30,0,1,22100,53,
217,フィスト大魔王,31,37,3,300,53,212
218,後ろの木みたいなやつ,37,31,0,255,53,220
219,バレー青年,50,4,0,164,52,252
220,星(淫夢),22,37,2,8760,51,226
221,小柄メガネのウケ中年,26,50,0,181,51,213
222,BROS.,26,4,1,21900,51,434
223,魂魄妖夢(淫夢),37,15,3,1900,49,244
224,ジェフリー・ダーマー(淫夢),13,69,0,727,48,
225,MMR部長,14,67,0,199,48,216
226,DJ兄貴,47,1,0,53,48,492
226,アクメルくん,9,38,19,553,48,217
228,佐久間良雄,37,6,6,419,46,352
229,二千ドル男,33,12,6,314,45,205
230,いまきた加藤,36,18,0,263,45,214
231,ネス(淫夢),35,20,0,133,45,222
232,カダフィ大佐(淫夢),44,0,0,922,45,
233,悶絶先生,44,0,0,570,45,184
234,肉体派インタビュアー,28,32,0,481,44,211
235,樋口黎,6,76,0,218,44,197
236,しゃがれ声,22,43,0,547,44,249
237,宮永通世,31,17,3,1400,44,241
238,メガデス怪人,27,10,9,1680,43,232
239,えいた(淫夢),20,45,0,103,43,233
240,KJM,34,13,1,409,42,246
241,のび太(淫夢),16,50,0,170,41,136
242,ホモの兄ちゃん,9,57,0,3570,41,238
243,副市長,29,15,3,1470,41,247
244,松田陸,1,66,5,212,39,218
245,伸治,29,16,0,1760,39,254
246,野獣弟,18,40,0,458,38,182
247,野中玄太,34,2,3,364,38,467
248,INUE君,19,14,11,1020,38,215
248,礼二,20,11,11,1520,38,279
250,だるま親爺,28,19,0,313,38,208
251,ダミ声スタッフ,32,10,0,500,38,256
252,アメリカン兄貴,31,9,1,984,37,234
253,カズレーザー(淫夢),21,31,0,798,37,253
254,TBS(淫夢),37,0,0,142,37,262
255,おフェラ座の怪人,31,7,1,1450,37,228
256,HMGC,32,9,0,389,37,250
257,アナアサでタバコ落とした人,30,12,0,684,37,
258,しあわせ紳士,23,26,0,258,36,248
259,INUE,31,2,2,2250,36,424
260,OKD(淫夢),23,1,11,1090,36,364
261,草薙ケン,30,0,5,419,35,227
262,嫉妬男,33,3,0,371,35,338
263,アキラ(淫夢),30,9,0,251,35,265
264,ポイズン菊池,21,19,4,221,35,245
265,横井警備員,26,15,0,656,34,240
266,アーウェイ,26,6,5,83,34,412
267,孫悟空(淫夢),6,53,1,417,34,
268,ゴーグル男,21,25,0,267,34,224
269,こう(淫夢),23,16,2,313,33,259
270,ASH(淫夢),33,0,0,113,33,263
271,佐々木主任,4,0,29,94,33,485
272,エレファントドアくん,25,15,0,150,33,266
273,TTY,26,4,2,1680,32,305
274,ホワイトマン,19,8,8,510,32,355
275,由利(淫夢),14,32,0,112,30,235
276,変態親父,7,7,3,16200,30,426
277,木村和輝,28,1,1,129,30,219
278,SUT(淫夢),20,19,0,90,30,268
279,ついに発掘された男,13,30,0,326,28,221
280,ISHR先生,21,12,1,323,28,275
281,インラン親爺,12,30,0,906,28,277
282,IGRS,27,1,0,268,28,283
283,貴乃信,22,10,0,378,27,278
284,KMR(野獣大先輩),16,22,0,196,27,287
285,NITU,16,18,1,908,27,300
286,東郷健,23,5,1,249,27,
287,ガン掘リア宮殿,19,13,0,1210,27,293
288,ドチンピラ,17,18,0,373,26,294
289,スティーブ・ジョブズ(淫夢),15,22,0,225,26,270
290,やりマン兄貴,21,10,0,156,26,261
291,赤豚,16,4,6,1930,26,298
292,りゅうくん,16,8,4,1790,26,281
293,茶髪チャラ男(AKNM),22,5,1,85,26,290
294,池沼兄貴,11,28,0,475,25,288
295,江島隼人,23,3,0,594,25,329
296,OZW,17,10,2,780,25,267
297,KMD,15,2,8,714,25,433
298,NOBUMASA(淫夢),22,5,0,54,25,291
299,熊太郎,22,0,2,218,24,
300,ピカチュウパンツ兄貴,12,21,1,299,24,239
301,18番(淫夢),19,9,0,93,24,302
302,院長(Fatherless),13,18,0,1430,23,340
303,ゴーグル先生,17,5,2,1810,23,237
304,ズ・ゴオマ・グ(淫夢),14,16,1,51,23,342
305,野獣従兄弟,20,4,0,902,23,264
306,爆弾岩くん,10,25,0,92,23,301
307,優人(WEST),21,3,0,51,23,243
308,レイザー(レスリングシリーズ),18,9,0,32,23,229
309,イケボスタッフ,20,1,1,564,22,299
310,バイトの人,1,3,0,19500,22,508
311,権藤剛,11,3,9,153,22,375
312,MRKMR,17,9,0,79,22,324
313,ユウ君,11,0,10,505,22,545
314,SNJ弟,14,10,2,230,21,308
315,仁(ALMAZ),21,0,0,45,21,269
316,HGC,15,0,3,3010,21,
317,NKI,17,7,0,433,21,318
318,文吾,10,12,3,1840,21,341
319,ゴロリ(淫夢),15,11,0,306,21,360
320,HRS,8,0,4,8770,21,
321,身体大気弱兄,17,7,0,143,21,319
322,拷問親父,19,3,0,125,21,257
323,YMSK,20,0,0,322,20,225
324,YUIC,18,4,0,232,20,333
325,ボンバーライオンさん,15,10,0,167,20,292
326,修復後のキリスト,7,24,1,159,20,325
327,TMBK,18,3,0,221,20,276
328,二軍淫夢のエース,12,15,0,106,20,313
329,座敷童子(淫夢),14,11,0,66,20,304
330,顔が変な人のついでに発掘された人,4,30,0,65,19,272
331,コネスケ,16,3,1,394,19,
332,ホモビ戦士,6,25,0,298,19,296
333,フィンランドハーフ兄貴,15,7,0,282,19,323
334,タカシィ,18,1,0,141,19,314
335,AIZW,18,1,0,85,19,473
336,TMNG,4,27,0,941,18,307
337,i-modeタクヤ君,17,2,0,333,18,282
338,モザイク姉貴,9,16,1,156,18,303
339,ワッキー(精子舐めがいやらしい),6,24,0,50,18,327
340,SYK姉貴,9,17,0,538,18,344
341,小雪(淫夢),9,17,0,406,18,311
342,星の仲間,2,10,0,10800,18,346
343,スカイフィッシュくん,9,7,5,270,18,258
344,真・肉体派食パンマン,3,29,0,260,18,
345,外伝君,15,3,1,200,18,365
346,玉木修,16,3,0,152,18,330
347,ソーナノ(淫夢),11,13,0,112,18,348
348,櫻井翔(淫夢),14,7,0,75,18,260
349,豊田力,16,3,0,52,18,359
350,NT兄,15,2,1,270,17,315
351,ルイージ(淫夢),16,2,0,264,17,357
352,灼熱君,5,2,11,197,17,384
353,ART(淫夢),11,12,0,174,17,335
354,NKTIDDKSG,9,15,0,288,17,367
355,TKUC,16,1,0,286,17,347
356,食パンマン(淫夢),13,5,1,197,17,
357,ハヤト先輩,12,7,1,167,17,339
358,中田(淫夢),13,7,0,128,17,378
359,ウェスカー(淫夢),15,3,0,93,17,334
360,ノブアキ(トランペッター),12,9,0,68,17,328
361,斉藤ゆたか,15,2,0,566,17,
362,すごい高くて日本じゃ手に入らないバラ,9,14,0,549,17,236
363,カズヤ(淫夢),13,6,0,104,16,289
364,日本男児兄貴,10,11,0,303,16,401
365,しょうこちゃん,5,10,5,787,16,297
366,神野大二郎,14,3,0,29,16,
367,MRSK,14,0,1,289,15,510
368,鈴木実,13,4,0,255,15,388
369,精子を出していただいたお客様,4,22,0,74,15,
370,マジメ君のライバル(SP),14,2,0,43,15,354
371,櫂(ALMAZ),14,0,1,41,15,316
372,体育教師(淫夢),13,3,0,115,15,255
373,臨死体験親父,5,19,0,36,15,
374,偽軍畑先輩,13,2,0,250,14,377
375,近藤靖浩,13,2,0,242,14,393
376,モルダー(淫夢),13,2,0,216,14,362
377,極道兄貴,8,12,0,194,14,332
378,OSD,10,7,0,640,14,458
379,堀川雷鼓(淫夢),11,6,0,92,14,371
380,TDN弟,9,7,1,246,14,369
381,MASARU(B+B),10,5,0,972,13,
381,山本竜二,12,2,0,472,13,112
383,ヒデ(筋肉黄金期),12,2,0,118,13,351
384,久保帯人(淫夢),7,12,0,99,13,343
385,OKB君,9,8,0,56,13,382
386,無らい,10,3,1,440,13,370
387,GONTA,9,6,0,913,13,366
388,蟲戦士ヘルワーム,3,17,1,338,13,379
389,OOHT,11,3,0,238,13,373
390,ネアンデルタール,3,11,3,1070,13,442
391,山本ルーカス,11,2,0,188,12,409
392,スタッフ中井,10,4,0,156,12,356
393,田中(迫真先生),12,0,0,110,12,407
394,極道熊,9,4,1,88,12,286
395,ピエール瀧(淫夢),9,6,0,69,12,395
396,チンコに名前を付ける男,10,4,0,57,12,
396,近藤P,10,4,0,57,12,322
398,TNKDISK,11,2,0,37,12,396
399,ピポサルくん,9,5,0,199,12,391
400,ウルトラ巨根課長,4,15,0,165,12,326
401,オナニー男,3,4,3,3620,12,455
402,川崎京一,11,1,0,104,12,284
403,リアクション芸人(淫夢),6,9,1,71,12,
404,小籔千豊(淫夢),9,5,0,65,12,406
405,SRIKNZU(鎮念),8,7,0,53,12,398
406,K2兄貴,10,3,0,46,12,372
407,渉(淫夢),10,3,0,38,12,295
408,KGR,10,0,1,511,12,497
409,純情スーツ兄貴,6,10,0,265,11,399
410,北関東チャラ男,8,6,0,190,11,385
411,源氏パイ(淫夢),6,10,0,65,11,280
412,焦げた食パンマン,8,3,1,293,11,
413,DRVS弟,9,3,0,198,11,400
414,たるとのオリキャラ,4,13,0,172,11,203
415,メガデス戦闘員,5,2,4,597,11,374
416,優雅(淫夢),8,5,0,54,11,331
417,藤井聡太(淫夢),3,15,0,52,11,310
417,TRSM,10,0,0,552,11,54
419,gejir@,8,1,0,1960,10,430
420,クインテットアキラ,8,4,0,400,10,411
421,商店主,5,6,2,360,10,242
422,PG66でNKTIDKSGの後に出てくるやつ,5,10,0,169,10,408
423,TKZW,10,0,0,140,10,423
424,坂本副機長,9,2,0,131,10,418
425,本格的にドラえもんに見捨てられたのび太,1,18,0,109,10,
426,モーモーパンツ兄貴,7,6,0,86,10,414
427,二章でDRVSのスカウトを断った奴,2,16,0,47,10,376
428,MSW(淫夢),10,0,0,10,10,397
429,まもるっ,6,6,0,908,10,353
430,KTYM,7,3,1,196,10,435
431,のび太を見捨てたドラえもんシャツ兄貴,3,13,0,128,10,380
432,MasuoTV(淫夢),4,11,0,55,10,439
433,どんちゃん(淫夢),9,1,0,53,10,402
434,RYO(淫夢),9,1,0,37,10,436
435,ファンキー遠野,6,4,1,308,9,349
436,GOSEIRED,8,2,0,296,9,312
437,半泣き男,2,14,0,285,9,274
438,道隆(淫夢),7,0,2,89,9,416
439,あたる(淫夢),7,4,0,59,9,404
440,ユウスケ(淫夢),8,2,0,45,9,306
441,ISI君,8,1,0,370,9,428
442,MEGWIN(淫夢),6,5,0,172,9,410
443,凛汰,7,3,0,170,9,390
444,独眼竜兄貴,8,1,0,149,9,448
445,砂時計君,8,1,0,90,9,392
446,楠(淫夢),7,3,0,52,9,421
447,ひで(46),3,11,0,46,9,460
448,YNG(淫夢),8,1,0,42,9,413
449,Discovery6で野獣先輩の後に出てくるやつ,5,6,0,411,8,422
450,ともや(淫夢),5,6,0,254,8,251
451,イケボ親父,3,10,0,235,8,363
452,AKB48の秋元才加ファンだというハンサムな太目中年,2,12,0,71,8,444
453,教頭(淫夢),7,2,0,56,8,387
454,三又又三(淫夢),6,4,0,46,8,425
455,ガチデブ系の男,6,4,0,23,8,345
456,虎寅,5,5,0,512,8,419
457,真彦(SP),7,2,0,10,8,415
458,ねこぢるの校長,3,9,0,282,8,427
459,野獣保健医,6,3,0,265,8,337
460,TKHS団長,6,3,0,116,8,443
461,隆(淫夢),7,1,0,83,8,446
462,サザンクロス君,7,1,0,74,8,417
463,TKY(淫夢),5,5,0,49,8,459
464,ドレミー・セーター,4,7,0,36,8,336
465,イグニス(淫夢),2,11,0,10,8,438
466,ロバートAKYM,5,4,0,172,7,309
467,哲(キックボクサー),6,2,0,53,7,368
468,昭和天皇の御学友(淫夢),0,14,0,44,7,285
469,山本(迫真先生),7,0,0,40,7,452
470,SNY,5,0,0,1840,7,461
471,18才童貞君,5,3,0,130,7,403
472,明(淫夢),4,4,0,626,7,
473,飯田ショーフキン,5,3,0,50,7,445
474,谷(淫夢),6,1,0,40,7,447
475,偽遠野,5,2,0,397,6,358
476,プリケツブラザーズ,4,4,0,218,6,320
477,マッチョの弟の兄貴,4,4,0,202,6,381
478,YSKN,5,2,0,163,6,451
479,ザビエル河童,4,4,0,152,6,
480,UNNNNNBR,4,4,0,123,6,468
481,でかちん父さん,3,6,0,115,6,502
482,16番(淫夢),5,2,0,92,6,405
483,花澤香菜(淫夢),4,4,0,63,6,437
484,津田君,3,6,0,51,6,465
485,TDN弟の周りを飛ぶ大きめの虫くん,4,4,0,33,6,450
486,手錠男,5,1,0,115,6,462
487,吉川シケタ,5,1,0,93,6,456
488,ヨシヒコ(SP),5,1,0,46,6,449
489,ペガサスSIY,4,3,0,43,6,474
490,FJNM,4,2,0,154,5,469
491,アラブ系スイマー兄貴,4,2,0,126,5,394
492,羽生結弦(淫夢),2,6,0,77,5,383
493,長井大,5,0,0,61,5,453
493,一般通過姉貴,4,2,0,61,5,
495,ティッシュ配り命の男っぽい剛史君,2,6,0,44,5,440
496,あらた(淫夢),2,6,0,8,5,466
497,イアン(淫夢),4,2,0,7,5,420
498,サムソン高橋,3,3,0,297,5,223
499,MUR父,3,3,0,187,5,454
500,横原ゴリジュニア,4,1,0,40,5,475
501,加納コーチ,4,1,0,34,5,457
502,偽茶髪チャラ男,4,1,0,10,5,476
503,野獣叔父,3,2,0,428,4,230
504,望月輝,3,0,1,368,4,361
505,KYN弟(AKNM),1,6,0,364,4,186
506,傘くん,3,2,0,147,4,483
507,八神レイ,0,8,0,134,4,
508,金子君,2,0,2,76,4,531
509,硝子君,3,2,0,68,4,482
510,佐藤翔太,4,0,0,63,4,499
511,宮野真守(淫夢),2,4,0,59,4,431
512,QPちゃん,3,0,1,54,4,386
513,KWBT(淫夢),3,2,0,52,4,480
514,横井ルイ,4,0,0,46,4,464
515,ゆたぼん(淫夢),2,4,0,43,4,
516,辰己(淫夢),4,0,0,38,4,486
517,吉永透(SP),2,4,0,10,4,501
518,偽KMR,3,1,0,437,4,471
519,元祖野獣,1,5,0,254,4,498
520,DB亜種,3,1,0,225,4,488
521,星条旗兄貴,2,3,0,140,4,478
522,黄色パーカー君,3,1,0,115,4,472
523,通過一般人兄貴,1,5,0,69,4,491
524,超あきら,3,1,0,57,4,496
525,炎獣魔神,3,1,0,49,4,432
526,OCBGC,2,3,0,35,4,481
527,ヤマネ(淫夢),3,1,0,9,4,477
528,色違いネクデカパンツ兄貴,1,4,0,330,3,514
529,MSKW,2,2,0,198,3,490
530,OTTK,3,0,0,167,3,479
531,爽やか若リーマン君,2,2,0,85,3,500
532,石川(淫夢),2,2,0,54,3,516
533,ゴルニャン(淫夢),3,0,0,51,3,
534,MUR兄,2,2,0,48,3,512
535,ローライズ君,3,0,0,10,3,489
536,野獣社員,1,3,0,199,3,503
537,こんなウブそうな男の子,1,3,0,163,3,506
538,PG59メインモデル,2,1,0,162,3,504
539,YSDKN,2,1,0,61,3,505
540,通過一般自転車兄貴,1,3,0,43,3,511
541,MSOさん,1,3,0,10,3,535
542,今どきのドレッドくん,1,3,0,9,3,495
543,TEPPEI(COAT),2,1,0,7,3,487
543,幻の15人目,0,5,0,7,3,518
543,タカノリ(SP),2,1,0,7,3,470
546,クラウド(COAT),2,1,0,6,3,507
547,Syamu_Game(淫夢),2,0,0,359,2,
548,山本優心,2,0,0,102,2,509
549,MTMTKY,2,0,0,94,2,463
550,YKSMR,2,0,0,83,2,513
551,HYDIN,1,2,0,75,2,547
552,オモチャ大好きサーファーBOY,2,0,0,65,2,519
553,INUEの同級生,2,0,0,50,2,517
554,八神蒼介,1,2,0,29,2,530
555,オナアキの後ろにたたずむランプ,1,2,0,10,2,
556,グラサン男(SP),1,2,0,8,2,528
557,勇武(COAT),2,0,0,6,2,537
558,メガデス白衣戦闘員,0,2,0,970,2,534
559,偽AKYS,1,1,0,323,2,523
560,石川太陽,1,1,0,192,2,522
561,KMR(野獣叔父),1,1,0,136,2,527
562,吉永透のストーカー,1,1,0,45,2,526
563,鈴木ツトム,1,1,0,34,2,525
564,YKYM(KNJN∞),1,1,0,4,2,543
565,遥亮(COAT),0,3,0,3,2,524
566,ボンバーARKW,1,0,0,195,1,532
567,野生派ハンサム青年達彦,1,0,0,72,1,521
568,ガテン系子持ち兄貴,1,0,0,52,1,533
569,アポロチョコ(淫夢),1,0,0,40,1,
570,誠司(COAT),1,0,0,10,1,520
571,雄生(COAT),1,0,0,7,1,539
571,覗かれたMの部屋の覗いてくるやつ,0,2,0,7,1,538
573,清田(淫夢),1,0,0,5,1,536
574,四人目の患者,0,1,0,433,1,541
575,アキオ(SP),0,1,0,387,1,544
576,唐澤貴洋(淫夢),0,1,0,49,1,
577,なだぎ武(ピース太郎),0,1,0,6,1,540
578,山崎(SP),0,1,0,5,1,542
579,KENTO(COAT),0,1,0,3,1,493
580,ユウジさん,0,0,0,314,0,546
581,赤色コート君,0,0,0,58,0,515
