順位,名前,動画,BB,レス,pixiv,前回,得点
1,KBTIT,16443,2486,40585,1425,1(±0),28014
2,野獣先輩,21583,3415,4656,4819,2(±0),27566
3,ひで(淫夢),1721,207,5459,394,3(±0),3479
4,MUR,2383,373,1495,653,4(±0),3409
5,虐待おじさん,1677,178,1681,355,8(+3),2452
6,KMR,1870,222,937,339,9(+3),2443
7,西寺郷太,1496,69,2995,99,5(-2),2343
8,NKTIDKSG,1941,195,1215,72,11(+3),2316
9,ガバ穴ダディー,1732,126,1325,142,13(+4),2205
10,淫夢くん,1247,109,1400,599,7(-3),2196
11,遠野(淫夢),1610,220,901,278,15(+4),2113
12,ゆうさく,1604,105,915,109,10(-2),1941
13,AKNM,1378,306,1816,35,14(+1),1867
14,TDN,976,53,2244,242,6(-8),1779
15,変態オナニー青年アキラ,1263,298,1935,29,56(+41),1775
16,現場監督,713,111,3010,78,12(-4),1543
17,マジメ君,1260,224,796,51,18(+1),1510
18,SNJ,1133,84,570,217,23(+5),1492
19,TNOK,925,71,549,421,22(+3),1483
20,平野源五郎,882,78,1530,182,16(-4),1446
21,関西クレーマー,1018,31,1029,116,19(-2),1391
22,GO(淫夢),907,146,998,70,20(-2),1226
23,ONDISK,597,42,2339,39,17(-6),1220
24,バットマン(淫夢),1029,51,200,27,34(+10),1106
25,蒼武蔵,738,44,976,83,27(+2),1065
26,ピンキー姉貴,780,83,692,92,25(-1),1045
27,肉体派おじゃる丸,787,93,779,57,26(-1),1038
28,課長こわれる,693,29,987,71,28(±0),1010
29,武田信玄(淫夢),801,48,658,31,31(+2),996
30,AKYS,594,94,1206,99,29(-1),994
31,77歳の肛門モロ感の親爺,606,234,930,49,30(-1),887
32,ドラゴン田中,567,58,802,106,32(±0),873
33,うんち提案おじさん,193,17,2361,80,21(-12),863
34,オークション男,679,21,572,21,33(-1),843
35,じゅんぺい,290,30,1422,43,35(±0),688
36,ハガー市長(淫夢),479,27,410,27,43(+7),608
37,AOK,502,11,324,16,41(+4),599
38,淫乱テディベア,419,11,398,77,36(-2),595
39,チョコボール向井,563,45,74,7,38(-1),588
40,KYN,352,39,597,73,40(±0),574
41,KBSトリオ,321,21,477,120,44(+3),560
42,YOU_THE_ROCK★,362,22,696,18,24(-18),554
43,第二のいなり男,412,18,261,66,49(+6),543
44,鈴木(淫夢),508,39,41,0,51(+7),518
45,島田部長,237,31,982,14,37(-8),496
46,ヒゲクマ調教師,269,37,644,42,48(+2),472
47,INUEコーチ,34,2,1498,1,39(-8),409
48,HTN,196,28,483,57,53(+5),373
49,フリーザ(淫夢),275,10,262,1,133(+84),341
50,HND△,239,16,213,46,58(+8),338
51,野獣邸,147,17,624,33,52(+1),336
52,いなり男,230,19,93,79,61(+9),332
53,我修院(淫夢),217,24,422,1,57(+4),323
54,ホモコップ,279,26,106,12,65(+11),317
55,剛竜馬,227,27,243,26,42(-13),313
56,中野くん(淫夢),207,19,406,4,55(-1),312
57,ホリ・トオル,257,16,140,19,62(+5),311
58,セミ兄貴,194,8,277,30,50(-8),293
59,OOESNR,217,20,268,4,64(+5),288
60,激ハメ爺ちゃん,219,114,224,7,63(+3),282
61,DB(淫夢),206,57,289,3,47(-14),281
61,一般通過爺,166,25,317,36,60(-1),281
63,関西チャラ男,183,29,248,29,59(-4),274
64,関東チャラ男,174,68,198,47,68(+4),270
65,クルルァ,156,20,205,62,67(+2),269
66,KN(淫夢),224,16,142,2,72(+6),261
67,KMRスタッフ,254,5,10,0,88(+21),256
68,超人サイバーZ,152,20,179,57,73(+5),253
68,GTさん,213,8,95,17,83(+15),253
70,山崎まさゆき,157,7,315,12,69(-1),247
71,HRNR(淫夢),232,47,49,0,87(+16),244
72,ケツデカ課長,144,14,247,33,71(-1),238
73,テロップくん,197,39,89,19,89(+16),238
74,軍畑先輩,146,16,281,19,70(-4),235
75,手越祐也(淫夢),177,4,210,3,80(+5),232
76,こぐま部長,166,23,242,3,76(±0),229
77,赤城武雄,153,6,26,69,92(+15),228
78,TKGW,129,14,275,29,74(-4),226
79,TRSM,10,4,854,0,54(-25),223
80,観葉植物くん,120,7,116,73,82(+2),222
81,野獣父,153,12,153,14,90(+9),205
82,コブラ三木谷,158,20,124,14,108(+26),203
83,うま味紳士,83,4,169,77,91(+8),202
84,ポイテーロ,103,9,242,37,94(+10),200
85,まひろ(淫夢),122,12,265,9,86(+1),197
86,OGMM,106,19,292,15,81(-5),194
87,敏感ふとまら君,104,11,300,11,85(-2),190
88,閉廷おじさん,95,7,302,15,78(-10),185
89,だいちくん,162,13,63,6,107(+18),183
90,変態郵便屋,170,3,29,6,106(+16),183
91,大島薫,29,1,303,77,45(-46),181
92,ポルターガイストくん,78,6,362,10,79(-13),178
93,椅子くん,165,3,44,0,101(+8),176
94,植木鉢くん,149,6,67,6,111(+17),171
95,健介,167,5,8,1,105(+10),170
96,昭和天皇(淫夢),115,18,219,0,98(+2),169
97,糸引きおじさん,117,14,177,4,96(-1),165
97,ア〇ルが変なっちゃった兄貴,126,13,153,1,121(+24),165
99,NSOK,115,23,119,19,109(+10),163
100,Discovery10で野獣に掘られたやつ(淫夢),105,24,232,0,102(+2),163
101,SGW,115,13,66,31,100(-1),162
102,白いの(淫夢),120,26,148,4,117(+15),161
103,たると(淫夢),27,1,513,2,77(-26),157
103,POPO,107,11,193,2,104(+1),157
105,顔が変な人,88,29,255,5,99(-6),156
106,豪俊影視,98,6,41,41,114(+8),149
107,肉丸,91,22,194,9,103(-4),148
108,北浦京子,49,2,345,12,95(-13),147
109,OKDYSNR,136,16,18,5,131(+22),145
110,SGCN(淫夢),35,3,426,0,93(-17),141
111,一転攻勢(シャブラサレータ),97,10,150,6,97(-14),140
112,DRVS,89,21,110,22,113(+1),138
113,TKNUC,81,9,122,21,115(+2),132
114,AZにゃん,72,7,141,25,116(+2),132
115,筆使いのさとし,117,17,37,3,122(+7),129
115,SKGC,124,5,13,2,130(+15),129
117,ひでのオリキャラ,44,4,74,63,127(+10),125
118,関東クレーマー,79,4,113,10,124(+6),117
119,EMT(淫夢),83,4,124,0,84(-35),114
120,ホスト風兄貴,89,2,90,0,125(+5),111
121,マスクド永谷園,56,9,189,6,129(+8),109
122,NRK,58,1,172,6,123(+1),107
123,タカダキミヒコ,63,8,151,6,128(+5),106
124,タチ中年,70,4,120,4,119(-5),104
125,SIY,88,31,20,10,141(+16),103
126,OGRSYN,55,2,185,1,120(-6),102
127,クチマン爺,41,5,214,7,118(-9),101
128,強精コンビ,93,11,23,0,149(+21),98.8
129,毎回屈辱ヒーローガンバマン,67,4,110,2,New!!,96.5
130,Toraemon,52,8,167,2,137(+7),95.8
131,MYN,71,7,62,8,156(+25),94.5
132,竈門禰豆子(淫夢),51,4,133,9,132(±0),93.3
133,征矢,65,6,107,1,139(+6),92.8
134,ヘカーティア・ラピスラズリ(淫夢),71,8,74,2,146(+12),91.5
135,イニ義893,51,10,127,7,138(+3),89.8
136,金泰均(COAT),54,6,133,0,126(-10),87.3
137,クラウド(淫夢),66,8,76,2,145(+8),87
138,テラドン,65,13,71,4,152(+14),86.8
139,MNR,41,6,138,11,135(-4),86.5
140,SKBNK,65,17,75,0,151(+11),83.8
141,ミスターマラ菊,79,6,13,0,164(+23),82.3
142,小森(ゴミ漁りの達人),76,1,15,2,161(+19),81.8
143,ZUN(淫夢),68,12,46,1,153(+10),80.5
144,イカせ隊,63,12,67,0,140(-4),79.8
145,還暦の巨根オヤジ,44,1,138,1,147(+2),79.5
145,バルカン大先輩,64,7,62,0,166(+21),79.5
147,TRN,45,5,89,8,155(+8),75.3
148,つとむ,59,5,58,1,162(+14),74.5
149,浣腸芸人,56,13,60,3,163(+14),74
150,佐野恵太,48,4,75,6,150(±0),72.8
151,左慈半造,48,2,90,1,66(-85),71.5
152,DKSGNKTI,64,26,25,1,157(+5),71.3
152,ウルフ(淫夢),66,11,21,0,173(+21),71.3
154,野獣母,35,6,139,1,144(-10),70.8
155,南佳也,38,1,78,13,46(-109),70.5
156,綱太,44,6,49,14,180(+24),70.3
157,ダーク食パンマン,51,13,60,4,159(+2),70
158,偽MUR,62,1,21,1,177(+19),68.3
159,短髪メガネ野郎(短髪モロ感野郎),41,12,107,0,142(-17),67.8
160,高校生君,66,18,6,0,178(+18),67.5
161,KBTIT_Jr,50,8,69,0,171(+10),67.3
162,真崎航,23,1,23,38,75(-87),66.8
163,乳首モロ感真面目部長,29,7,146,1,148(-15),66.5
164,ハンガリー舞曲兄貴,56,2,35,0,175(+11),64.8
165,KYN弟(AKNM),60,11,6,1,186(+21),62.5
166,4003勝の男,33,6,113,1,158(-8),62.3
167,ダンマー(淫夢),46,8,62,0,176(+9),61.5
168,ラブオイル校長,22,3,141,4,154(-14),61.3
168,中山幸一,50,4,33,3,194(+26),61.3
168,初心者のM,50,3,21,6,201(+33),61.3
171,修行兄貴,48,5,43,2,179(+8),60.8
172,ゆうま(淫夢),48,6,30,5,192(+20),60.5
172,失礼インタビュアー,44,3,66,0,193(+21),60.5
174,淫夢厨(淫夢),7,4,207,1,143(-31),59.8
175,奈義(COAT),56,0,5,0,134(-41),57.3
176,野獣大先輩,42,9,59,0,174(-2),56.8
177,ITI,37,9,66,2,170(-7),55.5
178,変面20でNKTIDKSGの後に出てくるやつ,46,19,33,1,195(+17),55.3
179,迫真先生,49,17,8,4,181(+2),55
179,豹変インタビュアー,37,1,72,0,New!!,55
181,ティーダ(淫夢),42,2,49,0,172(-9),54.3
182,大谷翔平(淫夢),18,3,137,0,New!!,52.3
183,まさよしくん,21,1,112,3,165(-18),52
184,大好き氏,14,1,146,1,169(-15),51.5
184,テングザル兄貴,26,5,98,1,185(+1),51.5
184,MRKM,35,11,50,4,190(+6),51.5
187,バレー青年,50,2,4,0,252(+65),51
188,ブルドックス,36,5,54,1,187(-1),50.5
188,ECZN,32,1,54,5,188(±0),50.5
190,島田兄弟,47,18,12,0,199(+9),50
191,ナイナイ岡村,33,1,30,9,200(+9),49.5
192,森林原人,39,1,32,2,110(-82),49
193,篤太郎さん,34,3,58,0,196(+3),48.5
194,バレーボールくん,42,2,20,1,209(+15),48
195,杰兄貴,41,2,26,0,206(+11),47.5
196,第三のいなり男,26,2,69,3,191(-5),46.3
197,NT(ニッタ),21,3,94,1,160(-37),45.5
197,野獣兄,22,6,70,6,183(-14),45.5
199,悶絶先生,43,3,8,0,184(-15),45
200,後ろの木みたいなやつ,37,1,31,0,220(+20),44.8
201,フィスト大魔王,31,1,37,4,212(+11),44.3
202,新宿調教センター,33,2,44,0,210(+8),44
203,KEN(淫夢),26,2,55,4,189(-14),43.8
203,魂魄妖夢(淫夢),37,4,15,3,244(+41),43.8
205,平野のどうぞという声にしか反応しない扉,16,1,110,0,168(-37),43.5
206,二千ドル男,33,3,12,6,205(-1),42
207,いまきた加藤,36,1,18,0,214(+7),40.5
208,MMR部長,17,2,67,6,216(+8),39.8
209,MTSMAPNMRKNNSKKR,12,3,99,2,198(-11),38.8
209,ネス(淫夢),34,3,19,0,222(+13),38.8
211,小柄メガネのウケ中年,26,3,50,0,213(+2),38.5
211,メガデス怪人,27,2,10,9,232(+21),38.5
213,宮永通世,31,6,17,3,241(+28),38.3
213,KJM,34,9,13,1,246(+33),38.3
213,AMFTTSFNDKTETNKTIBWMTKKKSJNSHF,8,2,121,0,271(+58),38.3
216,アクメルくん,9,4,38,19,217(+1),37.5
217,TBS(淫夢),37,8,0,0,262(+45),37
218,IWS,20,3,63,1,207(-11),36.8
218,だるま親爺,32,6,19,0,208(-10),36.8
220,佐久間良雄,28,3,6,7,352(+132),36.5
221,肉体派インタビュアー,28,2,32,0,211(-10),36
222,野獣姉,11,2,79,5,204(-18),35.8
222,嫉妬男,33,4,3,2,338(+116),35.8
224,草薙ケン,30,3,1,5,227(+3),35.3
225,INUE君,19,3,14,12,215(-10),34.5
225,ダミ声スタッフ,32,3,10,0,256(+31),34.5
227,アメリカン兄貴,31,4,9,1,234(+7),34.3
227,HMGC,32,6,9,0,250(+23),34.3
229,HGC,15,0,76,0,197(-32),34
230,おフェラ座の怪人,31,11,7,1,228(-2),33.8
230,副市長,29,0,15,1,247(+17),33.8
232,星(淫夢),22,7,37,2,226(-6),33.3
233,伸治,29,4,16,0,254(+21),33
233,ASH(淫夢),33,4,0,0,263(+30),33
235,でこっぱち君,11,0,87,0,202(-33),32.8
235,しゃがれ声,22,1,43,0,249(+14),32.8
237,アキラ(淫夢),30,10,9,0,265(+28),32.3
238,YMSK,20,11,39,2,225(-13),31.8
239,しんたろう,25,5,22,1,231(-8),31.5
239,野中玄太,27,3,2,4,467(+228),31.5
241,えいた(淫夢),20,2,45,0,233(-8),31.3
242,カンパニー松尾,30,0,0,1,New!!,31
243,IGRS,27,5,1,3,283(+40),30.3
243,ジェフリー・ダーマー(淫夢),13,3,69,0,New!!,30.3
245,横井警備員,26,0,15,0,240(-5),29.8
245,ポイズン菊池,21,3,19,4,245(±0),29.8
247,INUE,19,3,2,10,424(+177),29.5
248,木村和輝,28,0,1,1,219(-29),29.3
248,ゴーグル男,21,1,25,2,224(-24),29.3
248,しあわせ紳士,23,3,25,0,248(±0),29.3
251,カズレーザー(淫夢),21,6,31,0,253(+2),28.8
251,エレファントドアくん,25,1,15,0,266(+15),28.8
253,のび太(淫夢),16,4,50,0,136(-117),28.5
254,アーウェイ,26,1,5,1,412(+158),28.3
255,野獣弟,18,2,40,0,182(-73),28
255,こう(淫夢),22,1,16,2,259(+4),28
257,TTY,26,3,4,0,305(+48),27
258,NKI,17,1,7,8,318(+60),26.8
259,ISHR先生,21,2,12,1,275(+16),25
259,赤豚,16,0,4,8,298(+39),25
261,SUT(淫夢),20,1,19,0,268(+7),24.8
261,白豚,22,1,3,2,273(+12),24.8
263,茶髪チャラ男(AKNM),22,7,5,1,290(+27),24.3
264,万太郎,19,5,20,0,321(+57),24
265,江島隼人,23,1,3,0,329(+64),23.8
266,やりマン兄貴,21,3,10,0,261(-5),23.5
266,貴乃信,21,4,10,0,278(+12),23.5
268,ホモの兄ちゃん,9,0,57,0,238(-30),23.3
268,NOBUMASA(淫夢),22,0,5,0,291(+23),23.3
270,ドチンピラ,17,4,18,1,294(+24),22.5
271,ガン掘リア宮殿,19,0,13,0,293(+22),22.3
272,由利(淫夢),14,1,32,0,235(-37),22
273,優人(WEST),21,0,3,0,243(-30),21.8
273,礼二,19,2,11,0,279(+6),21.8
275,しみけん,7,0,18,10,167(-108),21.5
275,OZW,17,1,10,2,267(-8),21.5
275,KMR(野獣大先輩),16,4,22,0,287(+12),21.5
275,NITU,16,2,18,1,300(+25),21.5
275,バイト君,20,2,2,1,389(+114),21.5
280,イケボスタッフ,20,0,1,1,299(+19),21.3
280,18番(淫夢),19,1,9,0,302(+22),21.3
282,野獣従兄弟,20,5,4,0,264(-18),21
282,仁(ALMAZ),21,0,0,0,269(-13),21
284,義臣,19,3,3,1,317(+33),20.8
285,ついに発掘された男,13,4,30,0,221(-64),20.5
285,スティーブ・ジョブズ(淫夢),15,2,22,0,270(-15),20.5
287,レイザー(レスリングシリーズ),18,1,9,0,229(-58),20.3
287,ゴーグル先生,17,0,5,2,237(-50),20.3
289,拷問親父,19,0,3,0,257(-32),19.8
289,TMBK,18,4,3,1,276(-13),19.8
291,インラン親爺,12,2,30,0,277(-14),19.5
292,タカシィ,18,5,1,1,314(+22),19.3
292,孫悟空(淫夢),6,2,49,1,New!!,19.3
294,りゅうくん,16,1,8,1,281(-13),19
294,YUIC,18,0,4,0,333(+39),19
296,身体大気弱兄,17,12,7,0,319(+23),18.8
297,SNJ弟,14,3,10,2,308(+11),18.5
297,NT兄,15,0,2,3,315(+18),18.5
299,ピカチュウパンツ兄貴,12,5,21,1,239(-60),18.3
299,MRKMR,16,1,9,0,324(+25),18.3
299,TKUC,16,1,1,2,347(+48),18.3
299,AIZW,18,0,1,0,473(+174),18.3
303,池沼兄貴,11,1,28,0,288(-15),18
303,ズ・ゴオマ・グ(淫夢),13,1,16,1,342(+39),18
305,ゴロリ(淫夢),15,5,11,0,360(+55),17.8
306,松田陸,1,0,66,0,218(-88),17.5
306,i-modeタクヤ君,17,2,2,0,282(-24),17.5
306,ボンバーライオンさん,15,3,10,0,292(-14),17.5
306,院長(fatherless),13,0,18,0,340(+34),17.5
310,豊田力,16,1,3,0,359(+49),16.8
310,玉木修,16,1,3,0,330(+20),16.8
310,フィンランドハーフ兄貴,15,6,7,0,323(+13),16.8
310,座敷童子(淫夢),14,1,11,0,304(-6),16.8
314,ルイージ(淫夢),16,2,2,0,357(+43),16.5
315,爆弾岩くん,10,5,25,0,301(-14),16.3
316,櫻井翔(淫夢),14,2,7,0,260(-56),15.8
316,二軍淫夢のエース,12,3,15,0,313(-3),15.8
316,ウェスカー(淫夢),15,1,3,0,334(+18),15.8
316,外伝君,14,0,3,1,365(+49),15.8
321,斉藤ゆたか,15,1,2,0,New!!,15.5
322,櫂(ALMAZ),14,0,1,1,316(-6),15.3
322,食パンマン(淫夢),13,3,5,1,New!!,15.3
324,ハヤト先輩,12,2,7,1,339(+15),14.8
324,中田(淫夢),13,0,7,0,378(+54),14.8
326,カズヤ(淫夢),13,6,6,0,289(-37),14.5
326,マジメ君のライバル(SP),14,9,2,0,354(+28),14.5
328,ノブアキ(トランペッター),12,1,9,0,328(±0),14.3
328,ソーナノ(淫夢),11,2,13,0,348(+20),14.3
328,OKD(淫夢),14,1,1,0,364(+36),14.3
331,モザイク姉貴,9,1,16,1,303(-28),14
331,修復後のキリスト,7,2,24,1,325(-6),14
331,ホワイトマン,12,1,8,0,355(+24),14
331,鈴木実,13,0,4,0,388(+57),14
335,モルダー(淫夢),13,4,2,0,362(+27),13.5
335,偽軍畑先輩,13,2,2,0,377(+42),13.5
335,近藤靖浩,13,0,2,0,393(+58),13.5
338,小雪(淫夢),9,1,17,0,311(-27),13.3
338,SYK姉貴,9,1,17,0,344(+6),13.3
340,ART(淫夢),10,2,12,0,335(-5),13
340,文吾,10,2,12,0,341(+1),13
340,TKZW,10,1,0,3,423(+83),13
343,体育教師(淫夢),12,1,3,0,255(-88),12.8
343,KBT,12,1,3,0,350(+7),12.8
343,NKTIDDKSG,9,0,15,0,367(+24),12.8
346,山本竜二,12,0,2,0,112(-234),12.5
346,ヒデ(筋肉黄金期),9,1,14,0,236(-110),12.5
346,堀川雷鼓(淫夢),11,1,6,0,371(+25),12.5
350,ホモビ戦士,6,0,25,0,296(-54),12.3
351,ワッキー(精子舐めがいやらしい),6,1,24,0,327(-24),12
351,田中(迫真先生),12,4,0,0,407(+56),12
353,TMNG,4,1,27,1,307(-46),11.8
353,TDN弟,9,3,7,1,369(+16),11.8
353,無らい,10,1,3,1,370(+17),11.8
353,OOHT,11,0,3,0,373(+20),11.8
353,OSD,10,2,7,0,458(+105),11.8
358,顔が変な人のついでに発掘された人,4,1,30,0,272(-86),11.5
358,GONTA,10,5,6,0,366(+8),11.5
358,TNKDISK,11,2,2,0,396(+38),11.5
358,日本男児兄貴,9,3,10,0,401(+43),11.5
358,山本ルーカス,11,1,2,0,409(+51),11.5
363,川崎京一,11,1,1,0,284(-79),11.3
363,MASARU(B+B),10,0,5,0,New!!,11.3
365,極道熊,9,2,4,1,286(-79),11
365,近藤P,10,0,4,0,322(-43),11
365,極道兄貴,8,1,12,0,332(-33),11
365,スタッフ中井,10,1,4,0,356(-9),11
369,渉(淫夢),10,1,3,0,295(-74),10.8
369,K2兄貴,10,1,3,0,372(+3),10.8
369,権藤剛,10,0,3,0,375(+6),10.8
369,変態親父,7,0,7,2,426(+57),10.8
373,ピエール瀧(淫夢),9,0,6,0,395(+22),10.5
374,ピポサルくん,9,1,5,0,391(+17),10.3
374,小籔千豊(淫夢),3,0,29,0,New!!,10.3
377,久保帯人(淫夢),7,3,12,0,343(-34),10
377,OKB君,8,0,8,0,382(+5),10
377,MSW(淫夢),10,1,0,0,397(+20),10
377,KGR,10,0,0,0,497(+120),10
381,DRVS弟,9,2,3,0,400(+19),9.8
381,臨死体験親父,5,0,19,0,New!!,9.8
381,焦げた食パンマン,8,3,3,1,New!!,9.8
384,まもるっ,6,0,6,2,353(-31),9.5
384,メガデス戦闘員,5,3,2,4,374(-10),9.5
384,北関東チャラ男,8,2,6,0,385(+1),9.5
384,SRIKNZU(鎮念),8,2,6,0,398(+14),9.5
384,坂本副機長,9,1,2,0,418(+34),9.5
389,優雅(淫夢),8,0,5,0,331(-58),9.3
389,どんちゃん(淫夢),9,0,1,0,402(+13),9.3
389,RYO(淫夢),9,0,1,0,436(+47),9.3
389,隆(淫夢),7,0,1,2,446(+57),9.3
389,精子を出していただいたお客様,4,1,21,0,New!!,9.3
394,クインテットアキラ,8,3,4,0,411(+17),9
394,道隆(淫夢),7,1,0,2,416(+22),9
394,リアクション芸人(淫夢),6,1,8,1,New!!,9
397,凛汰,7,0,3,1,390(-7),8.8
398,商店主,5,0,6,2,242(-156),8.5
398,源氏パイ(淫夢),6,0,10,0,280(-118),8.5
398,ユウスケ(淫夢),8,0,2,0,306(-92),8.5
398,GOSEIRED,8,0,2,0,312(-86),8.5
398,純情スーツ兄貴,6,1,10,0,399(+1),8.5
398,モーモーパンツ兄貴,7,1,6,0,414(+16),8.5
404,砂時計君,8,1,1,0,392(-12),8.3
404,YNG(淫夢),8,0,1,0,413(+9),8.3
404,ISI君,8,2,1,0,428(+24),8.3
404,gejir@,8,0,1,0,430(+26),8.3
404,独眼竜兄貴,8,1,1,0,448(+44),8.3
409,ファンキー遠野,6,2,4,1,349(-60),8
409,蟲戦士ヘルワーム,3,0,16,1,379(-30),8
409,あたる(淫夢),7,1,4,0,404(-5),8
409,慎悟,8,1,0,0,441(+32),8
413,ウルトラ巨根課長,4,2,15,0,326(-87),7.8
413,楠(淫夢),7,0,3,0,421(+8),7.8
413,KTYM,7,1,3,0,435(+22),7.8
416,しょうこちゃん,5,2,10,0,297(-119),7.5
416,哲(キックボクサー),7,1,2,0,368(-48),7.5
416,教頭(淫夢),7,1,2,0,387(-29),7.5
416,PG66でNKTIDKSGの後に出てくるやつ,5,2,10,0,408(-8),7.5
416,真彦(SP),7,6,2,0,415(-1),7.5
421,たるとのオリキャラ,4,0,13,0,203(-218),7.3
421,MEGWIN(淫夢),6,0,5,0,410(-11),7.3
421,サザンクロス君,7,0,1,0,417(-4),7.3
424,ガチデブ系の男,6,1,4,0,345(-79),7
424,三又又三(淫夢),6,1,4,0,425(+1),7
424,山本(迫真先生),7,2,0,0,452(+28),7
424,オナニー男,3,1,4,3,455(+31),7
428,藤井聡太(淫夢),3,0,15,0,310(-118),6.8
428,野獣保健医,6,0,3,0,337(-91),6.8
428,MasuoTV(淫夢),4,3,11,0,439(+11),6.8
428,TKHS団長,6,3,3,0,443(+15),6.8
432,ともや(淫夢),5,0,6,0,251(-181),6.5
432,Discovery6で野獣先輩の後に出てくるやつ,5,3,6,0,422(-10),6.5
432,傘くん,3,0,2,3,483(+51),6.5
435,のび太を見捨てたドラえもんシャツ兄貴,3,0,13,0,380(-55),6.3
435,虎寅,5,0,5,0,419(-16),6.3
435,谷(淫夢),6,0,1,0,447(+12),6.3
435,TKY(淫夢),5,0,5,0,459(+24),6.3
439,ロバートAKYM,5,0,4,0,309(-130),6
439,二章でDRVSのスカウトを断った奴,2,1,16,0,376(-63),6
439,BROS.,5,0,4,0,434(-5),6
442,ドレミー・セーター,4,1,7,0,336(-106),5.8
442,18才童貞君,5,1,3,0,403(-39),5.8
442,YKB,2,1,11,1,429(-13),5.8
442,飯田ショーフキン,5,0,3,0,445(+3),5.8
442,ひで(46),3,0,11,0,460(+18),5.8
447,半泣き男,2,0,14,0,274(-173),5.5
447,偽遠野,5,1,2,0,358(-89),5.5
447,イケボ親父,3,0,10,0,363(-84),5.5
447,灼熱君,5,0,2,0,384(-63),5.5
447,16番(淫夢),5,1,2,0,405(-42),5.5
447,KMD,4,0,2,1,433(-14),5.5
447,YSKN,5,1,2,0,451(+4),5.5
447,津田君,3,0,6,1,465(+18),5.5
447,HYDIN,1,1,2,4,547(+100),5.5
447,本格的にドラえもんに見捨てられたのび太,1,0,18,0,New!!,5.5
457,ねこぢるの校長,3,1,9,0,427(-30),5.3
457,ヨシヒコ(SP),5,0,1,0,449(-8),5.3
457,吉川シケタ,5,0,1,0,456(-1),5.3
457,手錠男,5,0,1,0,462(+5),5.3
461,プリケツブラザーズ,4,1,4,0,320(-141),5
461,マッチョの弟の兄貴,4,0,4,0,381(-80),5
461,花澤香菜(淫夢),4,0,4,0,437(-24),5
461,TDN弟の周りを飛ぶ大きめの虫くん,4,1,4,0,450(-11),5
461,長井大,5,0,0,0,453(-8),5
461,SNY,5,0,0,0,461(±0),5
461,UNNNNNBR,4,0,4,0,468(+7),5
461,ザビエル河童,4,0,4,0,New!!,5
461,AKB48の秋元才加ファンだというハンサムな太目中年,2,1,12,0,444(-17),5
470,イグニス(淫夢),2,0,11,0,438(-32),4.8
470,ネアンデルタール,2,0,11,0,442(-28),4.8
470,ペガサスSIY,4,1,3,0,474(+4),4.8
473,星の仲間,2,0,10,0,346(-127),4.5
473,アラブ系スイマー兄貴,4,1,2,0,394(-79),4.5
473,イアン(淫夢),4,2,2,0,420(-53),4.5
473,FJNM,4,0,2,0,469(-4),4.5
473,でかちん父さん,3,0,6,0,502(+29),4.5
473,一般通過姉貴,4,0,2,0,New!!,4.5
479,加納コーチ,4,1,1,0,457(-22),4.3
479,横原ゴリジュニア,4,0,1,0,475(-4),4.3
479,偽茶髪チャラ男,4,1,1,0,476(-3),4.3
482,望月輝,3,0,0,1,361(-121),4
482,QPちゃん,3,0,0,1,386(-96),4
482,横井ルイ,4,0,0,0,464(-18),4
482,ケンジィ,4,0,0,0,484(+2),4
482,佐々木主任,4,0,0,0,485(+3),4
482,佐藤翔太,4,0,0,0,499(+17),4
482,金子君,2,0,0,2,531(+49),4
482,HRS,4,1,0,0,New!!,4
482,辰己(淫夢),4,0,0,0,486(+4),4
491,サムソン高橋,3,0,3,0,223(-268),3.8
491,MUR父,3,0,3,0,454(-37),3.8
491,MTMTKY,2,1,7,0,463(-28),3.8
494,野獣叔父,3,0,2,0,230(-264),3.5
494,昭和天皇の御学友(淫夢),0,0,14,0,285(-209),3.5
494,羽生結弦(淫夢),2,0,6,0,383(-111),3.5
494,ティッシュ配り命の男っぽい剛史君,2,1,6,0,440(-54),3.5
494,あらた(淫夢),2,0,6,0,466(-28),3.5
494,KWBT(淫夢),3,2,2,0,480(-14),3.5
494,硝子君,3,0,2,0,482(-12),3.5
494,MUR兄,2,0,2,1,512(+18),3.5
502,DJ兄貴,3,0,1,0,492(-10),3.3
502,炎獣魔神,3,0,1,0,432(-70),3.3
502,偽KMR,3,1,1,0,471(-31),3.3
502,黄色パーカー君,3,0,1,0,472(-30),3.3
502,ヤマネ(淫夢),3,0,1,0,477(-25),3.3
502,DB亜種,3,1,1,0,488(-14),3.3
502,超あきら,3,0,1,0,496(-6),3.3
509,OTTK,3,0,0,0,479(-30),3
509,ローライズ君,3,0,0,0,489(-20),3
509,クレヨンしんちゃんの風間くん(淫夢),1,1,8,0,494(-15),3
509,ゆたぼん(淫夢),2,0,4,0,New!!,3
509,チンコに名前を付ける男,3,0,0,0,New!!,3
509,ゴルニャン(淫夢),3,1,0,0,New!!,3
515,宮野真守(淫夢),2,0,3,0,431(-84),2.8
515,星条旗兄貴,2,0,3,0,478(-37),2.8
515,OCBGC,2,0,3,0,481(-34),2.8
518,MSKW,2,0,2,0,490(-28),2.5
518,爽やか若リーマン君,2,0,2,0,500(-18),2.5
518,石川(淫夢),2,1,2,0,516(-2),2.5
521,タカノリ(SP),2,0,1,0,470(-51),2.3
521,TEPPEI(COAT),2,0,1,0,487(-34),2.3
521,通過一般人兄貴,1,1,5,0,491(-30),2.3
521,元祖野獣,1,0,5,0,498(-23),2.3
521,PG59メインモデル,2,1,1,0,504(-17),2.3
521,YSDKN,2,1,1,0,505(-16),2.3
521,クラウド(COAT),2,0,1,0,507(-14),2.3
528,吉永透(SP),1,1,4,0,501(-27),2
528,山本優心,2,0,0,0,509(-19),2
528,MRSK,2,0,0,0,510(-18),2
528,YKSMR,2,0,0,0,513(-15),2
528,色違いネクデカパンツ兄貴,1,0,4,0,514(-14),2
528,INUEの同級生,2,0,0,0,517(-11),2
528,オモチャ大好きサーファーBOY,2,2,0,0,519(-9),2
528,勇武(COAT),2,0,0,0,537(+9),2
528,八神レイ,0,0,8,0,New!!,2
528,Syamu_Game(淫夢),2,0,0,0,New!!,2
538,今どきのドレッドくん,1,1,3,0,495(-43),1.8
538,野獣社員,1,0,3,0,503(-35),1.8
538,こんなウブそうな男の子,1,0,3,0,506(-32),1.8
538,バイトの人,1,1,3,0,508(-30),1.8
538,通過一般自転車兄貴,1,1,3,0,511(-27),1.8
538,MSOさん,1,1,3,0,535(-3),1.8
544,グラサン男(SP),1,0,2,0,528(-16),1.5
544,八神蒼介,1,0,2,0,530(-14),1.5
546,幻の15人目,0,0,5,0,518(-28),1.3
546,石川太陽,1,0,1,0,522(-24),1.3
546,偽AKYS,1,0,1,0,523(-23),1.3
546,鈴木ツトム,1,0,1,0,525(-21),1.3
546,吉永透のストーカー,1,0,1,0,526(-20),1.3
546,KMR(野獣叔父),1,0,1,0,527(-19),1.3
546,オナアキの後ろにたたずむランプ,1,1,1,0,New!!,1.3
553,誠司(COAT),1,0,0,0,520(-33),1
553,野生派ハンサム青年達彦,1,0,0,0,521(-32),1
553,橋本拓哉,1,0,0,0,529(-24),1
553,ボンバーARKW,1,0,0,0,532(-21),1
553,ガテン系子持ち兄貴,1,0,0,0,533(-20),1
553,清田(淫夢),1,0,0,0,536(-17),1
553,雄生(COAT),1,0,0,0,539(-14),1
553,ユウジさん,0,0,0,1,546(-7),1
553,アポロチョコ(淫夢),1,0,0,0,New!!,1
562,遥亮(COAT),0,0,3,0,524(-38),0.8
563,メガデス白衣戦闘員,0,0,2,0,534(-29),0.5
563,覗かれたMの部屋の覗いてくるやつ,0,0,2,0,538(-25),0.5
565,KENTO(COAT),0,0,1,0,493(-72),0.3
565,なだぎ武(ピース太郎),0,0,1,0,540(-25),0.3
565,四人目の患者,0,0,1,0,541(-24),0.3
565,山崎(SP),0,0,1,0,542(-23),0.3
565,YKYM(KNJN∞),0,0,1,0,543(-22),0.3
565,アキオ(SP),0,0,1,0,544(-21),0.3
565,唐澤貴洋(淫夢),0,0,1,0,New!!,0.3
572,赤色コート君,0,0,0,0,515(-57),0
572,ユウ君,0,0,0,0,545(-27),0
